Возраст,Пол,Квалификация,Стаж,Семейное положение,Иждивенцы,Срок проживания,Иностранное гражданство,Телефон,Банковский счет,Сберегательный счет,Собственность,Плата за жилье,Кредитный рейтинг,Число кредитов,Другие кредиты,Сумма,Срок,Процентная ставка платежа,Поручители,Цель,Класс
0,67.0,1,2,4.0,никогда не состоял(а),1,4,1,1,-1,0,недвижимость,собственность,0,2,нет,1169,6,4,нет,радио/телевидение,1
1,22.0,0,2,2.0,замужем/живет раздельно/разведена,1,2,1,0,1,1,недвижимость,собственность,2,1,нет,5951,48,2,нет,радио/телевидение,0
2,49.0,1,1,3.0,никогда не состоял(а),2,3,1,0,0,1,недвижимость,собственность,0,1,нет,2096,12,2,нет,образование,1
3,45.0,1,2,3.0,никогда не состоял(а),2,4,1,0,-1,1,страхование жизни/сберегательный договор,бесплатно,2,1,нет,7882,42,2,поручитель,мебель/оборудование,1
4,53.0,1,2,2.0,никогда не состоял(а),2,4,1,0,-1,1,неизвестно/нет собственности,бесплатно,1,2,нет,4870,24,3,нет,автомобиль (новый),0
5,35.0,1,1,2.0,никогда не состоял(а),2,4,1,1,0,0,неизвестно/нет собственности,бесплатно,2,1,нет,9055,36,2,нет,образование,1
6,53.0,1,2,4.0,никогда не состоял(а),1,4,1,0,0,3,страхование жизни/сберегательный договор,собственность,2,1,нет,2835,24,3,нет,мебель/оборудование,1
7,35.0,1,3,2.0,никогда не состоял(а),1,2,1,1,1,1,автомобиль,аренда,2,1,нет,6948,36,2,нет,автомобиль (б/у),1
8,61.0,1,1,3.0,живет раздельно/разведен,1,4,1,0,0,4,недвижимость,собственность,2,1,нет,3059,12,2,нет,радио/телевидение,1
9,28.0,1,3,0.0,женат/овдовел,1,2,1,0,1,1,автомобиль,собственность,0,2,нет,5234,30,4,нет,автомобиль (новый),0
10,25.0,0,2,1.0,замужем/живет раздельно/разведена,1,1,1,0,1,1,автомобиль,аренда,2,1,нет,1295,12,3,нет,автомобиль (новый),0
11,24.0,0,2,1.0,замужем/живет раздельно/разведена,1,4,1,0,-1,1,страхование жизни/сберегательный договор,аренда,2,1,нет,4308,48,3,нет,бизнес,0
12,22.0,0,2,2.0,замужем/живет раздельно/разведена,1,1,1,1,1,1,автомобиль,собственность,2,1,нет,1567,12,1,нет,радио/телевидение,1
13,60.0,1,1,4.0,никогда не состоял(а),1,4,1,0,-1,1,автомобиль,собственность,0,2,нет,1199,24,4,нет,автомобиль (новый),0
14,,0,2,2.0,замужем/живет раздельно/разведена,1,4,1,0,-1,1,автомобиль,аренда,2,1,нет,1403,15,2,нет,автомобиль (новый),1
15,32.0,0,1,2.0,замужем/живет раздельно/разведена,1,2,1,0,-1,2,автомобиль,собственность,2,1,нет,1282,24,4,нет,,0
16,53.0,1,2,4.0,никогда не состоял(а),1,4,1,0,0,0,страхование жизни/сберегательный договор,собственность,0,2,нет,2424,24,4,нет,радио/телевидение,1
17,25.0,1,2,1.0,никогда не состоял(а),1,3,1,0,-1,0,автомобиль,собственность,4,3,банк,8072,30,2,нет,бизнес,1
18,44.0,0,3,4.0,замужем/живет раздельно/разведена,1,2,1,1,1,1,неизвестно/нет собственности,бесплатно,2,1,нет,12579,24,4,нет,автомобиль (б/у),0
19,31.0,1,2,4.0,никогда не состоял(а),2,2,1,1,0,3,автомобиль,собственность,2,1,нет,3430,24,3,нет,радио/телевидение,1
20,48.0,1,2,2.0,никогда не состоял(а),1,4,1,1,0,1,автомобиль,собственность,0,3,нет,2134,9,4,нет,,1
21,44.0,1,2,2.0,никогда не состоял(а),2,3,1,0,-1,3,недвижимость,аренда,2,1,нет,2647,6,2,нет,радио/телевидение,1
22,48.0,1,1,1.0,никогда не состоял(а),2,3,0,0,-1,1,недвижимость,аренда,0,2,нет,2241,10,1,нет,автомобиль (новый),1
23,,1,2,1.0,никогда не состоял(а),1,4,1,0,1,2,страхование жизни/сберегательный договор,собственность,0,1,нет,1804,12,3,нет,автомобиль (б/у),1
24,26.0,1,2,2.0,женат/овдовел,1,1,0,0,0,0,автомобиль,собственность,0,2,нет,2069,10,2,нет,мебель/оборудование,1
25,36.0,1,1,2.0,никогда не состоял(а),1,2,1,1,-1,1,недвижимость,собственность,2,1,банк,1374,6,1,нет,мебель/оборудование,1
26,39.0,1,1,4.0,женат/овдовел,1,4,1,0,0,1,автомобиль,собственность,4,1,нет,426,6,4,нет,радио/телевидение,1
27,42.0,0,2,2.0,замужем/живет раздельно/разведена,1,3,1,0,2,4,недвижимость,аренда,3,2,нет,409,12,3,нет,радио/телевидение,1
28,34.0,1,2,2.0,никогда не состоял(а),1,2,1,0,1,1,недвижимость,собственность,2,1,нет,2415,7,3,поручитель,радио/телевидение,1
29,63.0,1,2,4.0,никогда не состоял(а),1,4,1,1,-1,1,неизвестно/нет собственности,собственность,1,2,нет,6836,60,3,нет,бизнес,0
30,36.0,1,2,1.0,женат/овдовел,1,3,1,1,1,4,недвижимость,собственность,2,1,банк,1913,18,3,нет,бизнес,1
31,27.0,1,2,2.0,никогда не состоял(а),1,2,1,0,-1,1,автомобиль,собственность,2,1,магазин,4020,24,2,нет,мебель/оборудование,1
32,30.0,1,2,2.0,никогда не состоял(а),1,2,1,1,1,2,автомобиль,собственность,2,2,нет,5866,18,2,нет,автомобиль (новый),1
33,57.0,1,1,4.0,никогда не состоял(а),1,4,1,0,0,0,неизвестно/нет собственности,аренда,0,1,нет,1264,12,4,нет,бизнес,1
34,33.0,0,3,1.0,замужем/живет раздельно/разведена,1,1,1,1,2,1,страхование жизни/сберегательный договор,собственность,2,1,банк,1474,12,4,нет,мебель/оборудование,1
35,,1,1,1.0,никогда не состоял(а),1,2,1,0,1,1,страхование жизни/сберегательный договор,собственность,0,2,нет,4746,45,4,нет,радио/телевидение,0
36,31.0,1,2,2.0,никогда не состоял(а),1,3,1,1,0,1,неизвестно/нет собственности,бесплатно,0,1,банк,6110,48,1,нет,образование,1
37,37.0,1,2,,никогда не состоял(а),1,2,1,0,2,1,недвижимость,собственность,2,1,магазин,2100,18,4,созаемщик,радио/телевидение,0
38,37.0,1,2,,никогда не состоял(а),1,2,1,1,2,1,автомобиль,собственность,2,1,нет,1225,10,2,нет,бытовая техника,1
39,24.0,1,2,,никогда не состоял(а),1,3,1,0,1,1,недвижимость,собственность,2,1,нет,458,9,4,нет,радио/телевидение,1
40,30.0,1,3,4.0,никогда не состоял(а),1,2,1,0,0,3,автомобиль,собственность,2,1,банк,2333,30,4,нет,радио/телевидение,1
41,26.0,1,2,,живет раздельно/разведен,1,1,1,1,1,3,автомобиль,собственность,2,1,нет,1158,12,3,нет,радио/телевидение,1
42,,1,1,2.0,никогда не состоял(а),2,4,1,1,1,1,недвижимость,собственность,1,1,нет,6204,18,2,нет,ремонт,1
43,24.0,1,2,3.0,женат/овдовел,1,4,1,0,-1,2,автомобиль,аренда,0,2,нет,6187,30,1,нет,автомобиль (б/у),1
44,58.0,0,1,4.0,замужем/живет раздельно/разведена,1,4,1,0,-1,1,неизвестно/нет собственности,бесплатно,0,2,магазин,6143,48,4,,автомобиль (б/у),0
45,35.0,0,3,1.0,замужем/живет раздельно/разведена,1,4,1,0,0,1,автомобиль,собственность,0,2,нет,1393,11,4,нет,автомобиль (новый),1
46,39.0,1,2,4.0,никогда не состоял(а),1,4,1,0,0,3,автомобиль,собственность,2,1,нет,2299,36,4,нет,радио/телевидение,1
47,23.0,0,0,0.0,замужем/живет раздельно/разведена,1,2,1,1,-1,3,страхование жизни/сберегательный договор,аренда,2,1,нет,1352,6,1,нет,автомобиль (б/у),1
48,39.0,1,1,2.0,никогда не состоял(а),1,4,1,0,0,1,страхование жизни/сберегательный договор,собственность,0,2,нет,7228,11,1,нет,автомобиль (новый),1
49,,0,2,2.0,замужем/живет раздельно/разведена,1,2,1,0,0,2,недвижимость,собственность,2,1,нет,2073,12,4,созаемщик,радио/телевидение,1
50,29.0,1,1,1.0,никогда не состоял(а),1,2,1,0,1,0,страхование жизни/сберегательный договор,собственность,1,1,банк,2333,24,4,нет,мебель/оборудование,1
51,30.0,1,3,4.0,никогда не состоял(а),1,2,1,1,1,1,автомобиль,собственность,1,2,нет,5965,27,1,нет,автомобиль (б/у),1
52,25.0,1,2,,никогда не состоял(а),1,2,1,0,0,1,автомобиль,собственность,2,1,нет,1262,12,3,нет,радио/телевидение,1
53,31.0,1,2,2.0,никогда не состоял(а),1,1,1,1,0,0,страхование жизни/сберегательный договор,собственность,2,1,нет,3378,18,2,нет,автомобиль (б/у),1
54,57.0,1,2,4.0,никогда не состоял(а),1,4,1,1,1,1,неизвестно/нет собственности,бесплатно,1,2,банк,2225,36,4,нет,автомобиль (новый),0
55,26.0,1,1,2.0,никогда не состоял(а),2,2,1,0,0,0,недвижимость,собственность,3,1,магазин,783,6,1,поручитель,автомобиль (новый),1
56,52.0,1,3,0.0,никогда не состоял(а),1,1,1,1,1,0,неизвестно/нет собственности,собственность,2,1,нет,6468,12,2,нет,радио/телевидение,0
57,31.0,0,2,2.0,замужем/живет раздельно/разведена,1,2,1,0,0,1,автомобиль,собственность,0,2,магазин,9566,36,2,нет,радио/телевидение,1
58,23.0,0,3,4.0,замужем/живет раздельно/разведена,1,2,1,0,2,1,автомобиль,собственность,2,1,нет,1961,18,3,нет,автомобиль (новый),1
59,23.0,0,1,1.0,замужем/живет раздельно/разведена,1,4,1,1,-1,1,неизвестно/нет собственности,аренда,0,2,нет,6229,36,4,созаемщик,мебель/оборудование,0
60,27.0,1,2,2.0,женат/овдовел,1,1,1,1,1,1,недвижимость,собственность,2,1,банк,1391,9,2,нет,,1
61,50.0,1,2,4.0,никогда не состоял(а),1,4,1,1,1,0,недвижимость,собственность,0,2,нет,1537,15,4,поручитель,радио/телевидение,1
62,61.0,1,3,4.0,никогда не состоял(а),1,4,1,1,1,1,неизвестно/нет собственности,бесплатно,4,1,нет,1953,36,4,нет,,0
63,25.0,1,2,2.0,никогда не состоял(а),1,2,1,1,1,1,автомобиль,собственность,4,1,нет,14421,48,2,нет,бизнес,0
64,26.0,0,2,1.0,замужем/живет раздельно/разведена,1,4,1,1,0,1,страхование жизни/сберегательный договор,собственность,2,1,нет,3181,24,4,нет,радио/телевидение,1
65,48.0,1,2,4.0,никогда не состоял(а),2,4,1,1,0,0,страхование жизни/сберегательный договор,собственность,2,4,нет,5190,27,4,нет,ремонт,1
66,29.0,0,2,1.0,замужем/живет раздельно/разведена,1,2,1,0,0,1,автомобиль,собственность,2,1,банк,2171,12,2,,радио/телевидение,1
67,,1,2,2.0,женат/овдовел,1,1,1,0,1,4,недвижимость,собственность,2,1,нет,1007,12,4,,автомобиль (новый),1
68,37.0,1,2,2.0,никогда не состоял(а),1,4,1,1,0,1,неизвестно/нет собственности,бесплатно,2,1,магазин,1819,36,4,нет,образование,0
69,25.0,0,2,2.0,замужем/живет раздельно/разведена,1,4,1,0,0,0,автомобиль,собственность,2,1,нет,2394,36,4,нет,радио/телевидение,1
70,30.0,0,2,2.0,замужем/живет раздельно/разведена,1,2,1,0,0,1,страхование жизни/сберегательный договор,собственность,2,1,банк,8133,36,1,нет,автомобиль (б/у),1
71,46.0,1,1,4.0,никогда не состоял(а),1,2,1,1,0,0,страхование жизни/сберегательный договор,аренда,0,2,нет,730,7,4,нет,радио/телевидение,1
72,51.0,1,3,4.0,никогда не состоял(а),2,4,1,1,-1,1,неизвестно/нет собственности,бесплатно,0,2,банк,1164,8,3,нет,другое,1
73,41.0,0,1,3.0,замужем/живет раздельно/разведена,1,1,1,0,1,1,недвижимость,собственность,0,2,банк,5954,42,2,нет,бизнес,1
74,40.0,1,3,4.0,никогда не состоял(а),1,4,1,1,-1,0,неизвестно/нет собственности,собственность,2,1,нет,1977,36,4,нет,образование,0
75,66.0,1,3,4.0,никогда не состоял(а),1,4,1,0,-1,1,неизвестно/нет собственности,бесплатно,0,2,нет,1526,12,4,нет,,1
76,34.0,1,2,1.0,никогда не состоял(а),1,3,1,0,-1,1,автомобиль,собственность,2,1,нет,3965,42,4,нет,радио/телевидение,0
77,51.0,1,2,3.0,никогда не состоял(а),1,4,1,0,1,1,страхование жизни/сберегательный договор,собственность,1,1,нет,4771,11,2,нет,радио/телевидение,1
78,39.0,1,1,2.0,никогда не состоял(а),2,2,1,0,0,0,страхование жизни/сберегательный договор,собственность,4,1,нет,9436,54,2,нет,автомобиль (б/у),1
79,22.0,1,2,1.0,женат/овдовел,1,1,1,0,1,1,страхование жизни/сберегательный договор,собственность,2,1,нет,3832,30,2,нет,мебель/оборудование,1
80,44.0,0,2,1.0,замужем/живет раздельно/разведена,1,1,1,1,0,0,автомобиль,собственность,2,2,нет,5943,24,1,нет,радио/телевидение,0
81,47.0,1,2,4.0,никогда не состоял(а),1,3,1,1,0,3,страхование жизни/сберегательный договор,собственность,2,1,магазин,1213,15,4,нет,радио/телевидение,1
82,24.0,0,1,2.0,замужем/живет раздельно/разведена,1,4,1,0,0,2,страхование жизни/сберегательный договор,аренда,2,1,нет,1568,18,3,нет,бизнес,1
83,58.0,0,1,,замужем/живет раздельно/разведена,1,4,1,1,-1,1,недвижимость,собственность,2,1,нет,1755,24,4,поручитель,другое,1
84,52.0,1,1,4.0,никогда не состоял(а),1,4,1,0,-1,1,недвижимость,собственность,2,1,нет,2315,10,3,нет,радио/телевидение,1
85,29.0,0,3,2.0,замужем/живет раздельно/разведена,1,2,1,1,0,1,недвижимость,собственность,0,2,нет,1412,12,4,поручитель,бизнес,1
86,27.0,0,2,1.0,замужем/живет раздельно/разведена,1,1,1,0,1,1,страхование жизни/сберегательный договор,собственность,0,2,нет,1295,18,4,нет,мебель/оборудование,1
87,47.0,1,2,2.0,никогда не состоял(а),2,4,1,1,1,2,неизвестно/нет собственности,бесплатно,2,1,нет,12612,36,1,нет,образование,0
88,30.0,1,3,3.0,никогда не состоял(а),2,3,1,1,-1,2,автомобиль,собственность,2,1,нет,2249,18,4,нет,автомобиль (новый),1
89,28.0,1,2,3.0,никогда не состоял(а),1,3,1,0,-1,1,недвижимость,собственность,4,2,нет,1108,12,4,нет,ремонт,0
90,56.0,1,2,4.0,никогда не состоял(а),1,4,1,0,0,1,недвижимость,собственность,0,1,нет,618,12,4,нет,радио/телевидение,1
91,54.0,1,2,4.0,никогда не состоял(а),1,3,1,0,-1,1,недвижимость,собственность,0,1,нет,1409,12,4,нет,автомобиль (б/у),1
92,33.0,0,1,4.0,замужем/живет раздельно/разведена,2,3,1,0,0,0,страхование жизни/сберегательный договор,собственность,0,1,банк,797,12,4,нет,радио/телевидение,0
93,20.0,1,2,4.0,никогда не состоял(а),1,4,1,0,2,0,неизвестно/нет собственности,аренда,0,2,нет,3617,24,4,созаемщик,мебель/оборудование,1
94,54.0,1,2,4.0,никогда не состоял(а),1,4,1,1,1,4,недвижимость,собственность,2,1,нет,1318,12,4,нет,автомобиль (новый),1
95,58.0,1,2,1.0,никогда не состоял(а),1,4,1,1,1,1,неизвестно/нет собственности,аренда,4,1,нет,15945,54,3,нет,бизнес,0
96,61.0,0,2,3.0,замужем/живет раздельно/разведена,1,2,1,0,0,0,автомобиль,собственность,0,1,нет,2012,12,4,нет,образование,1
97,34.0,1,2,2.0,никогда не состоял(а),1,4,1,0,1,2,автомобиль,собственность,2,1,нет,2622,18,4,нет,бизнес,1
98,36.0,1,2,4.0,никогда не состоял(а),1,4,1,0,1,1,недвижимость,собственность,0,1,нет,2337,36,4,нет,радио/телевидение,1
99,36.0,1,3,3.0,никогда не состоял(а),2,4,1,1,1,0,страхование жизни/сберегательный договор,аренда,1,2,банк,7057,20,3,,автомобиль (б/у),1
100,41.0,1,1,4.0,женат/овдовел,1,4,1,0,0,2,недвижимость,аренда,2,1,нет,1469,24,4,нет,автомобиль (новый),1
101,24.0,1,2,3.0,никогда не состоял(а),1,4,1,0,1,1,автомобиль,аренда,2,1,нет,2323,36,4,нет,радио/телевидение,1
102,24.0,0,2,2.0,замужем/живет раздельно/разведена,1,2,1,0,0,1,недвижимость,собственность,1,1,нет,932,6,3,нет,радио/телевидение,1
103,35.0,1,2,3.0,никогда не состоял(а),1,3,1,1,1,1,автомобиль,аренда,0,1,нет,1919,9,4,нет,мебель/оборудование,1
104,26.0,1,2,1.0,женат/овдовел,1,4,1,1,0,0,автомобиль,аренда,2,1,нет,2445,12,2,нет,автомобиль (б/у),1
105,39.0,1,3,2.0,никогда не состоял(а),2,3,1,1,1,1,автомобиль,собственность,0,2,нет,11938,24,2,созаемщик,другое,0
106,39.0,1,3,4.0,никогда не состоял(а),2,4,1,1,0,1,неизвестно/нет собственности,собственность,3,2,банк,6458,18,2,нет,автомобиль (новый),0
107,32.0,1,2,3.0,никогда не состоял(а),1,2,1,0,1,1,автомобиль,собственность,2,1,нет,6078,12,2,нет,автомобиль (новый),1
108,30.0,0,2,,замужем/живет раздельно/разведена,1,2,0,1,-1,0,страхование жизни/сберегательный договор,собственность,2,1,нет,7721,24,1,нет,мебель/оборудование,1
109,35.0,1,2,4.0,женат/овдовел,1,2,1,1,1,3,недвижимость,собственность,2,1,нет,1410,14,1,нет,бизнес,1
110,31.0,1,2,4.0,живет раздельно/разведен,2,2,1,0,1,2,автомобиль,собственность,1,2,банк,1449,6,1,нет,бизнес,1
111,23.0,0,2,1.0,замужем/живет раздельно/разведена,1,4,1,1,2,1,страхование жизни/сберегательный договор,аренда,2,1,нет,392,15,4,нет,,1
112,28.0,1,1,3.0,никогда не состоял(а),1,3,1,0,1,1,недвижимость,аренда,2,1,нет,6260,18,3,,автомобиль (новый),1
113,25.0,0,2,2.0,замужем/живет раздельно/разведена,1,2,1,1,0,1,недвижимость,собственность,0,2,магазин,7855,36,4,нет,автомобиль (новый),0
114,35.0,1,2,4.0,женат/овдовел,1,1,1,0,-1,3,недвижимость,собственность,2,1,нет,1680,12,3,нет,радио/телевидение,1
115,47.0,1,2,4.0,никогда не состоял(а),1,1,1,1,0,0,недвижимость,собственность,0,1,нет,3578,48,4,нет,радио/телевидение,1
116,30.0,0,3,3.0,замужем/живет раздельно/разведена,1,3,1,1,-1,0,автомобиль,собственность,2,1,нет,7174,42,4,,радио/телевидение,0
117,27.0,0,2,1.0,замужем/живет раздельно/разведена,1,3,0,0,-1,0,недвижимость,аренда,0,2,нет,2132,10,2,созаемщик,мебель/оборудование,1
118,23.0,0,2,2.0,замужем/живет раздельно/разведена,1,4,1,0,-1,3,автомобиль,собственность,0,2,нет,4281,33,1,нет,мебель/оборудование,0
119,36.0,1,3,3.0,живет раздельно/разведен,1,3,1,1,1,3,автомобиль,собственность,0,1,нет,2366,12,3,нет,автомобиль (новый),1
120,25.0,0,2,2.0,замужем/живет раздельно/разведена,1,2,1,1,-1,1,недвижимость,собственность,2,2,нет,1835,21,3,нет,радио/телевидение,0
121,,0,3,4.0,замужем/живет раздельно/разведена,1,2,1,1,0,1,автомобиль,аренда,0,2,нет,3868,24,4,нет,автомобиль (б/у),1
122,,1,1,2.0,никогда не состоял(а),1,2,1,0,0,1,недвижимость,аренда,2,1,нет,1768,12,3,нет,мебель/оборудование,1
123,63.0,1,2,4.0,никогда не состоял(а),1,4,1,1,2,1,неизвестно/нет собственности,бесплатно,0,2,нет,781,10,4,нет,автомобиль (новый),1
124,27.0,0,2,1.0,замужем/живет раздельно/разведена,1,3,1,0,1,0,недвижимость,аренда,2,1,нет,1924,18,4,нет,мебель/оборудование,0
125,30.0,1,2,2.0,никогда не состоял(а),1,2,1,0,-1,1,страхование жизни/сберегательный договор,собственность,0,2,нет,2121,12,4,,автомобиль (новый),1
126,40.0,1,1,2.0,женат/овдовел,1,2,1,0,-1,1,недвижимость,собственность,2,1,нет,701,12,4,нет,радио/телевидение,1
127,30.0,1,2,2.0,никогда не состоял(а),1,2,1,0,1,1,автомобиль,собственность,2,1,нет,639,12,4,,ремонт,0
128,34.0,1,3,0.0,никогда не состоял(а),1,2,1,1,1,1,автомобиль,собственность,0,2,нет,1860,12,4,нет,автомобиль (б/у),1
129,,0,2,2.0,замужем/живет раздельно/разведена,1,2,1,0,-1,1,недвижимость,собственность,0,2,нет,3499,12,3,созаемщик,автомобиль (новый),0
130,24.0,0,2,3.0,замужем/живет раздельно/разведена,1,2,1,0,1,0,автомобиль,собственность,2,1,нет,8487,48,1,нет,автомобиль (новый),1
131,29.0,1,2,2.0,никогда не состоял(а),1,3,1,1,-1,1,страхование жизни/сберегательный договор,собственность,1,1,магазин,6887,36,4,нет,образование,0
132,27.0,1,1,1.0,никогда не состоял(а),1,3,1,0,0,1,страхование жизни/сберегательный договор,собственность,2,2,банк,2708,15,2,нет,мебель/оборудование,1
133,47.0,1,2,,никогда не состоял(а),1,4,1,0,0,1,неизвестно/нет собственности,бесплатно,2,2,банк,1984,18,4,нет,мебель/оборудование,1
134,21.0,0,2,3.0,замужем/живет раздельно/разведена,1,4,1,1,0,2,недвижимость,собственность,2,1,нет,10144,60,2,нет,радио/телевидение,1
135,38.0,0,2,4.0,замужем/живет раздельно/разведена,1,2,1,1,0,0,недвижимость,собственность,0,2,нет,1240,12,4,нет,радио/телевидение,1
136,27.0,1,2,2.0,никогда не состоял(а),1,2,1,0,0,4,автомобиль,собственность,1,2,нет,8613,27,2,нет,автомобиль (б/у),1
137,66.0,1,1,2.0,никогда не состоял(а),1,3,1,0,1,3,недвижимость,собственность,2,1,нет,766,12,4,нет,радио/телевидение,0
138,35.0,1,2,3.0,никогда не состоял(а),1,2,1,1,1,0,недвижимость,собственность,0,3,банк,2728,15,4,поручитель,,1
139,44.0,0,1,2.0,замужем/живет раздельно/разведена,1,2,1,1,2,1,автомобиль,аренда,2,1,нет,1881,12,2,нет,радио/телевидение,1
140,27.0,1,0,1.0,женат/овдовел,1,2,0,0,2,4,недвижимость,собственность,2,1,нет,709,6,2,нет,автомобиль (новый),1
141,30.0,0,3,1.0,замужем/живет раздельно/разведена,1,1,1,1,1,1,неизвестно/нет собственности,собственность,2,1,нет,4795,36,4,,радио/телевидение,1
142,27.0,1,3,2.0,никогда не состоял(а),1,2,1,0,-1,1,автомобиль,собственность,2,1,нет,3416,27,3,нет,радио/телевидение,1
143,22.0,1,2,,никогда не состоял(а),1,2,1,0,-1,1,автомобиль,собственность,2,1,нет,2462,18,2,нет,мебель/оборудование,0
144,23.0,0,2,1.0,замужем/живет раздельно/разведена,1,4,1,1,0,1,страхование жизни/сберегательный договор,собственность,0,1,нет,2288,21,4,нет,мебель/оборудование,1
145,30.0,1,2,3.0,никогда не состоял(а),1,2,1,0,1,2,автомобиль,собственность,3,1,нет,3566,48,4,нет,,1
146,39.0,0,2,4.0,замужем/живет раздельно/разведена,1,4,1,1,-1,1,неизвестно/нет собственности,собственность,0,2,нет,860,6,1,нет,автомобиль (новый),1
147,,0,2,3.0,замужем/живет раздельно/разведена,1,3,1,1,0,2,автомобиль,собственность,0,2,нет,682,12,4,нет,автомобиль (новый),1
148,28.0,1,2,2.0,никогда не состоял(а),1,2,1,0,-1,1,страхование жизни/сберегательный договор,собственность,0,2,нет,5371,36,3,поручитель,мебель/оборудование,1
149,46.0,1,2,4.0,никогда не состоял(а),1,4,1,0,0,4,автомобиль,собственность,0,2,нет,1582,18,4,нет,радио/телевидение,1
150,42.0,1,2,4.0,никогда не состоял(а),2,4,1,1,0,2,неизвестно/нет собственности,бесплатно,2,1,банк,1346,6,2,нет,радио/телевидение,1
151,38.0,1,2,2.0,никогда не состоял(а),1,4,0,1,0,1,страхование жизни/сберегательный договор,собственность,2,1,нет,1924,10,1,нет,радио/телевидение,1
152,24.0,1,2,2.0,никогда не состоял(а),1,1,1,0,2,1,автомобиль,собственность,2,1,нет,5848,36,4,нет,радио/телевидение,1
153,,0,2,4.0,замужем/живет раздельно/разведена,1,4,1,0,1,4,неизвестно/нет собственности,аренда,0,1,нет,7758,24,2,нет,автомобиль (б/у),1
154,36.0,1,3,3.0,никогда не состоял(а),1,4,1,1,1,2,автомобиль,аренда,1,1,нет,6967,24,4,нет,бизнес,1
155,20.0,0,2,2.0,замужем/живет раздельно/разведена,1,4,1,0,-1,1,автомобиль,аренда,2,1,нет,1282,12,2,нет,мебель/оборудование,0
156,48.0,1,2,4.0,никогда не состоял(а),2,4,0,0,-1,2,недвижимость,собственность,0,2,нет,1288,9,3,поручитель,ремонт,1
157,45.0,1,1,,женат/овдовел,1,1,1,0,-1,1,автомобиль,собственность,3,1,банк,339,12,4,нет,переподготовка,1
158,38.0,1,2,3.0,никогда не состоял(а),1,3,1,1,1,2,автомобиль,собственность,2,2,банк,3512,24,2,нет,автомобиль (новый),1
159,34.0,1,1,2.0,никогда не состоял(а),2,2,1,0,0,0,недвижимость,собственность,0,2,нет,1898,6,1,нет,радио/телевидение,1
160,36.0,1,2,4.0,никогда не состоял(а),2,4,1,1,0,2,недвижимость,собственность,0,1,нет,2872,24,3,нет,радио/телевидение,1
161,30.0,0,2,1.0,замужем/живет раздельно/разведена,1,1,1,0,0,1,страхование жизни/сберегательный договор,собственность,0,2,нет,1055,18,4,нет,автомобиль (новый),1
162,36.0,1,2,3.0,никогда не состоял(а),1,3,1,1,0,3,страхование жизни/сберегательный договор,собственность,2,2,нет,1262,15,4,нет,бытовая техника,1
163,70.0,1,3,0.0,никогда не состоял(а),1,4,1,1,1,1,неизвестно/нет собственности,бесплатно,2,1,банк,7308,10,2,нет,автомобиль (новый),1
164,36.0,1,2,4.0,никогда не состоял(а),1,4,1,0,0,3,страхование жизни/сберегательный договор,собственность,2,1,нет,909,36,4,нет,автомобиль (новый),1
165,32.0,1,2,2.0,никогда не состоял(а),1,2,1,1,0,3,автомобиль,собственность,2,1,нет,2978,6,1,нет,мебель/оборудование,1
166,33.0,0,2,0.0,замужем/живет раздельно/разведена,1,2,1,0,-1,1,автомобиль,собственность,2,1,нет,1131,18,4,нет,мебель/оборудование,0
167,20.0,0,2,1.0,замужем/живет раздельно/разведена,1,1,1,0,1,4,недвижимость,собственность,2,1,нет,1577,11,4,нет,мебель/оборудование,1
168,25.0,0,2,3.0,замужем/живет раздельно/разведена,1,4,1,1,0,1,страхование жизни/сберегательный договор,аренда,2,1,нет,3972,24,2,нет,мебель/оборудование,1
169,31.0,1,2,4.0,живет раздельно/разведен,1,4,1,1,1,1,недвижимость,собственность,0,2,нет,1935,24,4,нет,бизнес,0
170,33.0,1,2,4.0,никогда не состоял(а),2,3,1,0,-1,1,автомобиль,аренда,4,2,нет,950,15,4,нет,,0
171,26.0,0,2,2.0,замужем/живет раздельно/разведена,1,1,1,1,0,1,недвижимость,собственность,2,1,нет,763,12,4,нет,мебель/оборудование,1
172,34.0,0,3,0.0,замужем/живет раздельно/разведена,1,2,1,1,1,1,страхование жизни/сберегательный договор,собственность,1,1,нет,2064,24,3,нет,мебель/оборудование,0
173,33.0,1,2,2.0,никогда не состоял(а),1,2,0,0,1,1,недвижимость,собственность,2,1,нет,1414,8,4,поручитель,радио/телевидение,1
174,,1,2,1.0,никогда не состоял(а),1,1,1,0,-1,1,страхование жизни/сберегательный договор,собственность,1,2,нет,3414,21,2,нет,образование,0
175,53.0,0,3,,замужем/живет раздельно/разведена,1,1,1,1,0,0,недвижимость,собственность,3,1,банк,7485,30,4,нет,автомобиль (б/у),0
176,42.0,1,2,2.0,живет раздельно/разведен,1,1,1,0,-1,1,автомобиль,собственность,2,1,нет,2577,12,2,нет,мебель/оборудование,1
177,52.0,1,2,4.0,никогда не состоял(а),1,4,1,0,-1,3,автомобиль,собственность,0,2,нет,338,6,4,нет,,1
178,31.0,1,3,3.0,никогда не состоял(а),2,2,1,1,0,1,автомобиль,аренда,2,2,нет,1963,12,4,нет,радио/телевидение,1
179,65.0,1,2,4.0,никогда не состоял(а),1,4,1,0,-1,1,недвижимость,собственность,0,2,нет,571,21,4,нет,автомобиль (новый),1
180,28.0,1,2,1.0,живет раздельно/разведен,1,1,1,0,0,1,автомобиль,собственность,1,2,нет,9572,36,1,нет,бизнес,0
181,30.0,1,3,2.0,живет раздельно/разведен,1,2,1,1,1,1,недвижимость,собственность,1,2,магазин,4455,36,2,нет,бизнес,0
182,40.0,1,1,2.0,никогда не состоял(а),2,2,1,0,-1,0,страхование жизни/сберегательный договор,собственность,3,2,нет,1647,21,4,нет,автомобиль (новый),0
183,50.0,1,2,2.0,никогда не состоял(а),1,4,1,1,0,4,недвижимость,собственность,0,1,нет,3777,24,4,нет,мебель/оборудование,1
184,36.0,1,2,4.0,никогда не состоял(а),2,4,1,1,1,1,автомобиль,собственность,0,1,банк,884,18,4,нет,автомобиль (новый),0
185,31.0,1,2,2.0,никогда не состоял(а),1,2,1,0,0,1,страхование жизни/сберегательный договор,собственность,0,2,нет,1360,15,4,нет,радио/телевидение,1
186,74.0,0,3,4.0,замужем/живет раздельно/разведена,2,4,1,1,1,1,неизвестно/нет собственности,бесплатно,3,1,банк,5129,9,2,нет,,0
187,68.0,1,0,0.0,никогда не состоял(а),1,3,1,1,1,1,автомобиль,бесплатно,0,3,нет,1175,16,2,нет,автомобиль (новый),1
188,20.0,1,2,3.0,женат/овдовел,1,1,1,0,-1,2,страхование жизни/сберегательный договор,собственность,2,1,нет,674,12,4,нет,радио/телевидение,0
189,33.0,0,2,2.0,замужем/живет раздельно/разведена,1,4,1,1,1,1,автомобиль,собственность,4,2,банк,3244,18,1,нет,мебель/оборудование,1
190,54.0,1,3,2.0,никогда не состоял(а),1,3,1,1,0,4,страхование жизни/сберегательный договор,собственность,2,3,нет,4591,24,2,нет,бизнес,0
191,34.0,1,1,3.0,никогда не состоял(а),2,4,1,0,1,2,неизвестно/нет собственности,бесплатно,4,1,нет,3844,48,4,нет,бизнес,0
192,36.0,1,2,2.0,никогда не состоял(а),2,2,1,1,1,1,автомобиль,собственность,2,1,нет,3915,27,4,нет,бизнес,0
193,29.0,1,2,3.0,женат/овдовел,1,2,1,0,0,1,недвижимость,аренда,2,1,нет,2108,6,2,нет,радио/телевидение,1
194,,1,2,2.0,никогда не состоял(а),1,4,1,0,1,2,страхование жизни/сберегательный договор,аренда,2,1,нет,3031,45,4,поручитель,радио/телевидение,0
195,34.0,0,3,4.0,замужем/живет раздельно/разведена,1,3,1,1,1,1,автомобиль,собственность,0,2,нет,1501,9,2,нет,,0
196,28.0,0,2,2.0,замужем/живет раздельно/разведена,1,1,1,1,0,1,автомобиль,собственность,0,2,нет,1382,6,1,нет,радио/телевидение,1
197,27.0,0,2,1.0,замужем/живет раздельно/разведена,1,4,1,0,1,2,автомобиль,аренда,2,4,банк,951,12,4,нет,мебель/оборудование,0
198,,1,2,4.0,никогда не состоял(а),1,4,1,1,1,0,неизвестно/нет собственности,бесплатно,2,1,банк,2760,24,4,нет,автомобиль (б/у),1
199,40.0,1,3,4.0,живет раздельно/разведен,1,3,1,1,1,1,неизвестно/нет собственности,собственность,1,1,нет,4297,18,4,нет,мебель/оборудование,0
200,52.0,1,2,4.0,никогда не состоял(а),1,2,1,1,0,3,автомобиль,собственность,0,2,нет,936,9,4,нет,образование,1
201,27.0,1,1,2.0,женат/овдовел,1,3,1,0,-1,1,недвижимость,собственность,2,1,нет,1168,12,4,нет,автомобиль (новый),1
202,26.0,1,2,3.0,никогда не состоял(а),1,4,1,0,0,1,автомобиль,собственность,1,2,нет,5117,27,3,нет,бизнес,1
203,21.0,1,2,3.0,женат/овдовел,1,4,1,0,-1,1,страхование жизни/сберегательный договор,аренда,2,1,нет,902,12,4,нет,переподготовка,0
204,38.0,1,1,4.0,никогда не состоял(а),2,1,1,0,0,1,недвижимость,собственность,0,2,нет,1495,12,4,нет,автомобиль (новый),1
205,38.0,1,3,4.0,никогда не состоял(а),2,4,1,1,-1,1,неизвестно/нет собственности,бесплатно,0,3,нет,10623,30,3,нет,автомобиль (б/у),1
206,43.0,1,2,4.0,никогда не состоял(а),1,4,1,1,0,1,недвижимость,собственность,0,3,нет,1935,12,4,нет,мебель/оборудование,1
207,26.0,1,2,3.0,никогда не состоял(а),1,3,1,0,1,1,страхование жизни/сберегательный договор,собственность,0,1,нет,1424,12,4,нет,бытовая техника,1
208,21.0,1,1,2.0,женат/овдовел,1,2,1,0,-1,1,автомобиль,собственность,2,1,магазин,6568,24,2,нет,бизнес,1
209,55.0,1,2,3.0,никогда не состоял(а),1,2,0,0,0,4,страхование жизни/сберегательный договор,собственность,2,1,нет,1413,12,3,нет,автомобиль (б/у),1
210,33.0,1,2,2.0,никогда не состоял(а),2,2,1,0,0,0,недвижимость,собственность,0,2,нет,3074,9,1,нет,радио/телевидение,1
211,45.0,0,1,,замужем/живет раздельно/разведена,1,4,1,1,0,0,недвижимость,собственность,2,1,нет,3835,36,2,нет,радио/телевидение,1
212,50.0,1,2,0.0,никогда не состоял(а),1,4,1,1,-1,1,страхование жизни/сберегательный договор,собственность,4,2,магазин,5293,27,2,нет,бизнес,0
213,66.0,1,3,4.0,никогда не состоял(а),1,4,1,1,2,1,недвижимость,собственность,1,1,нет,1908,30,4,нет,бизнес,0
214,51.0,1,2,4.0,никогда не состоял(а),1,2,1,1,0,0,автомобиль,собственность,0,1,нет,3342,36,4,нет,радио/телевидение,1
215,39.0,0,1,3.0,замужем/живет раздельно/разведена,1,3,1,0,1,0,страхование жизни/сберегательный договор,собственность,0,2,нет,932,6,1,нет,переподготовка,1
216,31.0,1,2,3.0,никогда не состоял(а),1,1,1,1,-1,1,страхование жизни/сберегательный договор,собственность,4,1,банк,3104,18,3,нет,бизнес,1
217,23.0,1,2,2.0,никогда не состоял(а),1,2,1,1,2,1,недвижимость,собственность,2,1,нет,3913,36,2,нет,радио/телевидение,1
218,24.0,1,1,,живет раздельно/разведен,1,2,1,0,-1,1,недвижимость,аренда,2,1,нет,3021,24,2,нет,мебель/оборудование,1
219,64.0,0,2,2.0,замужем/живет раздельно/разведена,1,4,1,1,0,1,автомобиль,собственность,2,1,нет,1364,10,2,нет,автомобиль (новый),1
220,26.0,1,1,1.0,женат/овдовел,1,1,1,0,1,1,недвижимость,собственность,2,1,банк,625,12,4,поручитель,радио/телевидение,1
221,23.0,0,2,2.0,замужем/живет раздельно/разведена,1,4,1,1,-1,0,страхование жизни/сберегательный договор,аренда,2,1,банк,1200,12,4,нет,образование,1
222,30.0,1,2,2.0,никогда не состоял(а),1,2,1,0,0,1,недвижимость,собственность,2,2,банк,707,12,4,,радио/телевидение,1
223,32.0,1,2,2.0,никогда не состоял(а),2,4,1,1,0,0,недвижимость,собственность,1,2,нет,2978,24,4,нет,бизнес,1
224,30.0,1,2,2.0,никогда не состоял(а),1,2,1,1,0,1,автомобиль,собственность,2,1,нет,4657,15,3,нет,автомобиль (б/у),1
225,27.0,1,2,2.0,никогда не состоял(а),1,2,1,0,0,1,автомобиль,собственность,4,2,нет,2613,36,4,нет,ремонт,1
226,27.0,1,2,3.0,никогда не состоял(а),1,2,1,1,1,4,неизвестно/нет собственности,собственность,2,2,банк,10961,48,1,созаемщик,радио/телевидение,0
227,53.0,1,3,,никогда не состоял(а),1,4,1,1,-1,1,неизвестно/нет собственности,бесплатно,2,1,нет,7865,12,4,нет,мебель/оборудование,0
228,22.0,1,2,3.0,никогда не состоял(а),1,2,1,0,0,1,автомобиль,собственность,2,1,нет,1478,9,4,нет,радио/телевидение,0
229,22.0,1,2,1.0,никогда не состоял(а),1,1,1,0,-1,1,неизвестно/нет собственности,бесплатно,2,1,банк,3149,24,4,нет,мебель/оборудование,1
230,26.0,1,2,2.0,никогда не состоял(а),1,2,1,0,2,1,автомобиль,собственность,2,1,нет,4210,36,4,нет,радио/телевидение,0
231,51.0,1,1,4.0,никогда не состоял(а),1,4,1,0,0,3,неизвестно/нет собственности,бесплатно,2,1,нет,2507,9,2,нет,автомобиль (новый),1
232,35.0,1,2,3.0,никогда не состоял(а),1,1,1,0,0,2,неизвестно/нет собственности,собственность,2,1,нет,2141,12,3,нет,радио/телевидение,1
233,25.0,1,1,2.0,женат/овдовел,1,2,1,0,1,1,недвижимость,собственность,2,1,нет,866,18,4,поручитель,радио/телевидение,1
234,42.0,1,1,3.0,никогда не состоял(а),2,1,1,0,0,1,недвижимость,собственность,0,3,нет,1544,4,2,нет,радио/телевидение,1
235,30.0,1,3,0.0,никогда не состоял(а),2,2,1,0,-1,1,автомобиль,собственность,2,1,магазин,1823,24,4,нет,радио/телевидение,0
236,23.0,1,0,0.0,никогда не состоял(а),1,2,1,1,1,0,страхование жизни/сберегательный договор,собственность,2,1,нет,14555,6,1,нет,автомобиль (новый),0
237,61.0,1,1,4.0,живет раздельно/разведен,1,2,1,0,1,2,автомобиль,аренда,2,2,банк,2767,21,4,нет,бизнес,0
238,35.0,0,2,2.0,замужем/живет раздельно/разведена,1,2,1,0,0,1,страхование жизни/сберегательный договор,собственность,0,2,нет,1291,12,4,нет,,1
239,39.0,1,2,,никогда не состоял(а),2,3,1,0,-1,1,страхование жизни/сберегательный договор,собственность,2,1,нет,2522,30,1,поручитель,радио/телевидение,1
240,29.0,0,2,4.0,замужем/живет раздельно/разведена,1,2,1,0,-1,0,автомобиль,собственность,2,1,банк,915,24,4,нет,автомобиль (новый),0
241,51.0,1,2,3.0,никогда не состоял(а),2,2,1,0,0,1,страхование жизни/сберегательный договор,собственность,2,1,нет,1595,6,3,нет,радио/телевидение,1
242,24.0,1,2,4.0,никогда не состоял(а),2,4,1,0,-1,1,неизвестно/нет собственности,бесплатно,4,2,нет,4605,48,3,нет,автомобиль (б/у),0
243,27.0,0,2,2.0,замужем/живет раздельно/разведена,1,2,1,0,0,1,недвижимость,собственность,0,2,нет,1185,12,3,нет,бизнес,1
244,,0,1,2.0,замужем/живет раздельно/разведена,2,3,1,0,0,3,недвижимость,собственность,3,1,нет,3447,12,4,нет,переподготовка,1
245,25.0,1,2,3.0,никогда не состоял(а),1,1,1,1,0,1,недвижимость,собственность,2,1,нет,1258,24,4,нет,бизнес,1
246,,1,2,4.0,никогда не состоял(а),1,4,1,0,0,1,недвижимость,собственность,0,3,нет,717,12,4,нет,радио/телевидение,1
247,35.0,1,2,2.0,никогда не состоял(а),1,1,0,0,0,2,неизвестно/нет собственности,аренда,4,1,банк,1204,6,4,нет,автомобиль (новый),1
248,26.0,1,2,2.0,никогда не состоял(а),1,2,1,0,2,1,недвижимость,собственность,2,1,нет,1925,24,2,нет,,1
249,22.0,0,2,0.0,замужем/живет раздельно/разведена,1,4,1,0,0,1,недвижимость,аренда,2,1,нет,433,18,3,созаемщик,радио/телевидение,0
250,39.0,0,1,3.0,замужем/живет раздельно/разведена,1,4,1,1,-1,4,недвижимость,собственность,0,2,нет,666,6,3,нет,автомобиль (новый),1
251,46.0,0,1,2.0,замужем/живет раздельно/разведена,1,2,1,0,2,1,автомобиль,собственность,2,1,нет,2251,12,1,нет,мебель/оборудование,1
252,24.0,0,2,2.0,замужем/живет раздельно/разведена,1,2,1,0,1,1,неизвестно/нет собственности,собственность,2,1,банк,2150,30,4,поручитель,автомобиль (новый),0
253,35.0,1,2,2.0,никогда не состоял(а),1,3,1,0,0,2,страхование жизни/сберегательный договор,собственность,1,2,нет,4151,24,2,нет,мебель/оборудование,1
254,24.0,1,2,3.0,никогда не состоял(а),1,1,1,1,1,0,автомобиль,собственность,2,1,нет,2030,9,2,нет,мебель/оборудование,1
255,27.0,1,1,,никогда не состоял(а),1,1,1,0,1,0,недвижимость,собственность,1,1,нет,7418,60,1,нет,радио/телевидение,1
256,35.0,1,1,2.0,никогда не состоял(а),1,2,1,0,0,1,недвижимость,собственность,0,2,нет,2684,24,4,нет,радио/телевидение,1
257,29.0,1,2,,живет раздельно/разведен,1,1,1,0,-1,1,неизвестно/нет собственности,бесплатно,3,1,нет,2149,12,4,нет,радио/телевидение,0
258,23.0,0,2,1.0,замужем/живет раздельно/разведена,1,4,1,1,0,2,автомобиль,собственность,2,1,нет,3812,15,1,,автомобиль (б/у),1
259,57.0,0,1,0.0,замужем/живет раздельно/разведена,1,4,1,0,0,2,недвижимость,собственность,0,3,нет,1154,11,4,нет,радио/телевидение,1
260,27.0,1,2,2.0,никогда не состоял(а),1,2,1,0,-1,1,недвижимость,собственность,2,1,нет,1657,12,2,нет,мебель/оборудование,1
261,55.0,0,2,4.0,замужем/живет раздельно/разведена,1,4,1,0,-1,1,автомобиль,собственность,2,1,нет,1603,24,4,нет,радио/телевидение,1
262,36.0,1,3,4.0,никогда не состоял(а),1,4,1,1,-1,1,неизвестно/нет собственности,бесплатно,0,3,нет,5302,18,2,нет,автомобиль (новый),1
263,,0,1,4.0,замужем/живет раздельно/разведена,1,4,1,0,0,1,неизвестно/нет собственности,бесплатно,0,3,банк,2748,12,2,нет,образование,1
264,32.0,1,1,4.0,никогда не состоял(а),2,4,0,0,0,1,недвижимость,собственность,0,2,нет,1231,10,3,нет,автомобиль (новый),1
265,37.0,1,2,4.0,никогда не состоял(а),2,3,1,0,1,1,автомобиль,собственность,2,1,нет,802,15,4,нет,,0
266,36.0,1,2,4.0,никогда не состоял(а),1,4,1,0,0,0,недвижимость,собственность,0,2,нет,6304,36,4,нет,бизнес,1
267,38.0,0,2,1.0,замужем/живет раздельно/разведена,1,3,1,1,0,1,автомобиль,собственность,2,1,магазин,1533,24,4,нет,радио/телевидение,1
268,45.0,1,3,4.0,живет раздельно/разведен,1,4,0,1,-1,1,страхование жизни/сберегательный договор,собственность,2,1,нет,8978,14,1,нет,автомобиль (новый),0
269,25.0,1,2,4.0,никогда не состоял(а),1,2,1,0,0,0,автомобиль,собственность,2,2,нет,999,24,4,нет,радио/телевидение,1
270,32.0,1,2,3.0,никогда не состоял(а),1,3,0,0,0,0,страхование жизни/сберегательный договор,собственность,2,1,нет,2662,18,4,нет,автомобиль (новый),1
271,37.0,0,2,3.0,замужем/живет раздельно/разведена,1,4,1,1,0,3,автомобиль,аренда,0,1,нет,1402,12,3,нет,мебель/оборудование,1
272,36.0,1,3,0.0,никогда не состоял(а),1,4,1,1,1,0,неизвестно/нет собственности,бесплатно,3,1,нет,12169,48,4,созаемщик,автомобиль (новый),1
273,28.0,1,2,3.0,никогда не состоял(а),1,4,1,0,1,1,недвижимость,собственность,2,2,нет,3060,48,4,нет,радио/телевидение,0
274,34.0,1,1,1.0,живет раздельно/разведен,1,1,1,1,-1,1,неизвестно/нет собственности,собственность,2,1,нет,11998,30,1,,ремонт,0
275,32.0,1,2,2.0,никогда не состоял(а),2,2,1,0,0,1,недвижимость,собственность,2,1,нет,2697,9,1,,радио/телевидение,1
276,26.0,0,2,2.0,замужем/живет раздельно/разведена,1,2,1,0,0,1,автомобиль,собственность,0,2,нет,2404,18,2,нет,радио/телевидение,1
277,49.0,1,1,4.0,живет раздельно/разведен,1,4,1,1,-1,0,страхование жизни/сберегательный договор,собственность,2,1,нет,1262,12,2,нет,мебель/оборудование,1
278,32.0,0,2,1.0,замужем/живет раздельно/разведена,1,4,1,0,0,1,страхование жизни/сберегательный договор,собственность,2,1,нет,4611,6,1,нет,мебель/оборудование,0
279,29.0,1,3,2.0,никогда не состоял(а),1,4,1,1,0,2,автомобиль,аренда,2,1,нет,1901,24,4,нет,,1
280,23.0,1,2,4.0,никогда не состоял(а),1,4,1,1,0,4,неизвестно/нет собственности,аренда,0,2,нет,3368,15,3,нет,автомобиль (б/у),1
281,50.0,1,2,2.0,никогда не состоял(а),1,2,1,0,0,1,недвижимость,собственность,2,1,нет,1574,12,4,нет,мебель/оборудование,1
282,49.0,1,1,3.0,никогда не состоял(а),1,4,1,0,2,0,автомобиль,собственность,3,1,банк,1445,18,4,,радио/телевидение,1
283,63.0,1,2,4.0,никогда не состоял(а),1,4,1,0,0,0,страхование жизни/сберегательный договор,собственность,0,1,нет,1520,15,4,нет,мебель/оборудование,1
284,37.0,1,2,1.0,живет раздельно/разведен,1,2,1,1,1,2,автомобиль,собственность,0,1,нет,3878,24,4,нет,автомобиль (новый),1
285,35.0,0,1,1.0,замужем/живет раздельно/разведена,1,1,1,1,-1,1,недвижимость,собственность,2,1,нет,10722,47,1,нет,автомобиль (новый),1
286,26.0,1,2,3.0,никогда не состоял(а),2,3,1,0,-1,1,страхование жизни/сберегательный договор,собственность,2,1,нет,4788,48,4,нет,автомобиль (б/у),1
287,31.0,1,3,0.0,никогда не состоял(а),1,4,1,1,1,2,неизвестно/нет собственности,бесплатно,1,1,нет,7582,48,2,нет,другое,1
288,49.0,0,2,2.0,замужем/живет раздельно/разведена,1,4,1,1,1,1,недвижимость,собственность,2,2,нет,1092,12,4,поручитель,радио/телевидение,1
289,48.0,1,2,1.0,женат/овдовел,1,4,1,0,-1,1,недвижимость,собственность,1,1,магазин,1024,24,4,нет,радио/телевидение,0
290,26.0,1,2,2.0,женат/овдовел,1,2,0,1,0,1,недвижимость,собственность,2,1,нет,1076,12,2,нет,бизнес,1
291,28.0,1,3,1.0,женат/овдовел,1,4,1,1,1,1,автомобиль,аренда,2,1,нет,9398,36,1,нет,автомобиль (б/у),0
292,44.0,0,3,4.0,замужем/живет раздельно/разведена,2,4,1,1,-1,1,неизвестно/нет собственности,бесплатно,0,2,нет,6419,24,2,,автомобиль (б/у),1
293,56.0,1,2,4.0,никогда не состоял(а),1,4,1,0,2,1,неизвестно/нет собственности,бесплатно,0,1,нет,4796,42,4,нет,автомобиль (б/у),1
294,46.0,1,3,4.0,живет раздельно/разведен,2,2,1,0,0,0,автомобиль,собственность,0,2,банк,7629,48,4,нет,бизнес,1
295,26.0,0,2,1.0,замужем/живет раздельно/разведена,1,2,1,1,1,1,автомобиль,собственность,2,1,нет,9960,48,1,нет,мебель/оборудование,0
296,20.0,0,2,1.0,замужем/живет раздельно/разведена,1,4,1,0,0,0,автомобиль,аренда,2,1,нет,4675,12,1,нет,автомобиль (б/у),1
297,45.0,1,1,4.0,никогда не состоял(а),1,2,0,0,0,0,страхование жизни/сберегательный договор,собственность,2,1,нет,1287,10,4,созаемщик,автомобиль (новый),1
298,43.0,1,2,2.0,никогда не состоял(а),1,4,1,1,0,1,недвижимость,собственность,2,1,нет,2515,18,3,нет,мебель/оборудование,1
299,32.0,1,2,3.0,никогда не состоял(а),1,2,1,1,1,4,автомобиль,собственность,0,2,нет,2745,21,3,нет,мебель/оборудование,1
300,54.0,0,0,0.0,замужем/живет раздельно/разведена,1,4,1,1,0,1,недвижимость,собственность,2,1,нет,672,6,1,нет,автомобиль (новый),1
301,42.0,0,2,2.0,замужем/живет раздельно/разведена,1,1,1,1,1,1,автомобиль,собственность,4,1,нет,3804,36,4,нет,радио/телевидение,0
302,37.0,1,1,3.0,никогда не состоял(а),2,2,1,0,2,0,недвижимость,собственность,0,2,банк,1344,24,4,нет,автомобиль (новый),0
303,49.0,1,2,3.0,никогда не состоял(а),1,3,1,1,-1,1,страхование жизни/сберегательный договор,собственность,0,2,нет,1038,10,4,созаемщик,автомобиль (новый),1
304,44.0,1,2,2.0,никогда не состоял(а),1,2,1,0,0,3,неизвестно/нет собственности,бесплатно,0,1,банк,10127,48,2,нет,автомобиль (новый),0
305,33.0,1,2,2.0,живет раздельно/разведен,1,2,1,0,0,4,недвижимость,собственность,2,1,нет,1543,6,4,нет,мебель/оборудование,1
306,24.0,0,1,3.0,замужем/живет раздельно/разведена,1,4,1,0,0,0,страхование жизни/сберегательный договор,аренда,2,1,магазин,4811,30,2,нет,автомобиль (б/у),1
307,,1,1,1.0,женат/овдовел,1,3,1,1,-1,2,неизвестно/нет собственности,собственность,2,1,нет,727,12,4,,радио/телевидение,0
308,24.0,0,2,2.0,замужем/живет раздельно/разведена,1,4,1,0,1,1,недвижимость,собственность,2,1,нет,1237,8,3,нет,мебель/оборудование,0
309,22.0,1,1,2.0,женат/овдовел,1,4,1,0,1,1,недвижимость,аренда,2,1,нет,276,9,4,нет,автомобиль (новый),1
310,40.0,1,0,0.0,никогда не состоял(а),1,4,1,1,1,0,неизвестно/нет собственности,бесплатно,2,1,банк,5381,48,3,нет,другое,1
311,25.0,1,2,2.0,никогда не состоял(а),1,1,1,0,0,2,автомобиль,собственность,2,1,магазин,5511,24,4,нет,мебель/оборудование,1
312,26.0,0,2,1.0,замужем/живет раздельно/разведена,1,4,1,0,2,1,автомобиль,собственность,2,1,нет,3749,24,2,нет,мебель/оборудование,1
313,25.0,1,1,3.0,женат/овдовел,1,3,1,0,1,1,автомобиль,собственность,2,1,банк,685,12,2,нет,автомобиль (новый),0
314,29.0,1,1,1.0,никогда не состоял(а),2,2,0,0,2,0,недвижимость,собственность,2,1,нет,1494,4,1,нет,автомобиль (новый),1
315,31.0,1,2,4.0,никогда не состоял(а),1,4,1,0,-1,1,автомобиль,собственность,3,1,банк,2746,36,4,нет,мебель/оборудование,0
316,38.0,1,1,2.0,никогда не состоял(а),2,3,1,0,-1,1,страхование жизни/сберегательный договор,собственность,2,1,нет,708,12,2,поручитель,мебель/оборудование,1
317,48.0,0,1,2.0,замужем/живет раздельно/разведена,1,4,1,1,1,0,страхование жизни/сберегательный договор,собственность,2,1,нет,4351,24,1,нет,,1
318,,1,2,2.0,никогда не состоял(а),1,2,1,0,0,1,автомобиль,собственность,0,2,нет,701,12,4,нет,,1
319,27.0,0,1,4.0,замужем/живет раздельно/разведена,1,4,1,0,-1,1,страхование жизни/сберегательный договор,собственность,1,2,нет,3643,15,1,нет,мебель/оборудование,1
320,28.0,1,3,0.0,женат/овдовел,1,2,1,0,1,1,автомобиль,собственность,0,2,нет,4249,30,4,нет,автомобиль (новый),0
321,32.0,1,2,1.0,живет раздельно/разведен,1,3,1,0,-1,1,страхование жизни/сберегательный договор,собственность,2,1,нет,1938,24,4,нет,радио/телевидение,0
322,34.0,1,3,3.0,никогда не состоял(а),1,1,1,1,-1,1,неизвестно/нет собственности,бесплатно,2,1,нет,2910,24,2,,автомобиль (б/у),1
323,28.0,1,2,2.0,никогда не состоял(а),1,2,1,0,-1,4,автомобиль,собственность,2,1,нет,2659,18,4,нет,мебель/оборудование,1
324,36.0,0,2,2.0,замужем/живет раздельно/разведена,1,3,1,0,0,1,недвижимость,собственность,0,2,нет,1028,18,4,нет,автомобиль (новый),1
325,39.0,1,1,3.0,никогда не состоял(а),1,4,0,0,-1,1,недвижимость,собственность,0,2,нет,3398,8,1,нет,автомобиль (новый),1
326,49.0,1,2,4.0,никогда не состоял(а),1,4,1,1,0,0,страхование жизни/сберегательный договор,аренда,0,1,нет,5801,12,2,нет,мебель/оборудование,1
327,34.0,0,2,3.0,замужем/живет раздельно/разведена,2,3,1,1,0,4,автомобиль,собственность,2,1,нет,1525,24,4,нет,автомобиль (новый),1
328,31.0,1,2,4.0,никогда не состоял(а),1,2,1,0,2,1,автомобиль,собственность,2,1,нет,4473,36,4,нет,радио/телевидение,1
329,28.0,1,2,,никогда не состоял(а),2,4,1,0,1,1,автомобиль,собственность,2,1,нет,1068,6,4,нет,радио/телевидение,1
330,75.0,1,3,,никогда не состоял(а),1,4,1,1,-1,1,неизвестно/нет собственности,бесплатно,0,2,нет,6615,24,2,нет,автомобиль (б/у),1
331,30.0,0,2,2.0,замужем/живет раздельно/разведена,1,2,1,0,0,2,недвижимость,собственность,0,2,нет,1864,18,4,нет,образование,0
332,24.0,0,3,1.0,замужем/живет раздельно/разведена,1,2,1,0,1,2,страхование жизни/сберегательный договор,собственность,2,1,нет,7408,60,4,нет,автомобиль (новый),0
333,24.0,0,1,2.0,замужем/живет раздельно/разведена,1,4,1,0,0,2,автомобиль,аренда,0,2,банк,11590,48,2,нет,автомобиль (б/у),0
334,,1,2,4.0,никогда не состоял(а),2,4,1,0,-1,1,неизвестно/нет собственности,аренда,4,2,банк,4110,24,3,нет,мебель/оборудование,0
335,44.0,1,3,2.0,живет раздельно/разведен,1,4,1,1,-1,1,недвижимость,аренда,0,1,нет,3384,6,1,нет,мебель/оборудование,0
336,23.0,0,1,1.0,замужем/живет раздельно/разведена,1,4,1,0,1,1,страхование жизни/сберегательный договор,собственность,2,1,нет,2101,13,2,поручитель,радио/телевидение,1
337,24.0,0,2,2.0,замужем/живет раздельно/разведена,1,2,1,0,-1,0,автомобиль,аренда,2,1,нет,1275,15,4,нет,бытовая техника,0
338,28.0,1,2,2.0,никогда не состоял(а),1,4,1,0,-1,1,страхование жизни/сберегательный договор,собственность,2,1,нет,4169,24,4,нет,мебель/оборудование,1
339,31.0,1,1,2.0,живет раздельно/разведен,1,2,1,0,1,1,автомобиль,собственность,2,1,нет,1521,10,4,нет,мебель/оборудование,1
340,24.0,0,2,1.0,замужем/живет раздельно/разведена,1,4,1,1,1,1,неизвестно/нет собственности,бесплатно,0,2,нет,5743,24,2,нет,образование,1
341,26.0,0,1,,замужем/живет раздельно/разведена,1,4,1,0,-1,1,автомобиль,аренда,2,1,нет,3599,21,1,нет,мебель/оборудование,1
342,25.0,1,2,1.0,женат/овдовел,1,3,1,0,1,3,недвижимость,аренда,2,1,нет,3213,18,1,нет,радио/телевидение,1
343,33.0,1,3,4.0,никогда не состоял(а),1,1,1,1,1,1,недвижимость,собственность,2,1,банк,4439,18,1,созаемщик,бизнес,1
344,37.0,1,1,1.0,никогда не состоял(а),2,1,1,0,2,1,страхование жизни/сберегательный договор,собственность,2,1,нет,3949,10,1,поручитель,автомобиль (новый),1
345,43.0,0,1,2.0,замужем/живет раздельно/разведена,1,2,1,0,0,1,автомобиль,собственность,0,1,нет,1459,15,4,нет,радио/телевидение,1
346,23.0,1,2,1.0,никогда не состоял(а),1,4,1,0,1,1,недвижимость,собственность,0,2,нет,882,13,4,поручитель,радио/телевидение,1
347,23.0,0,0,0.0,замужем/живет раздельно/разведена,1,4,1,0,1,3,неизвестно/нет собственности,аренда,2,1,нет,3758,24,1,,радио/телевидение,1
348,34.0,1,1,,никогда не состоял(а),1,2,1,0,0,2,недвижимость,собственность,1,2,нет,1743,6,1,нет,бизнес,1
349,32.0,1,2,4.0,никогда не состоял(а),2,3,1,0,1,4,неизвестно/нет собственности,бесплатно,0,2,нет,1136,9,4,нет,образование,0
350,23.0,0,2,1.0,замужем/живет раздельно/разведена,1,4,1,1,0,1,недвижимость,аренда,2,1,нет,1236,9,1,нет,бытовая техника,1
351,29.0,0,2,2.0,замужем/живет раздельно/разведена,1,2,0,0,1,1,автомобиль,собственность,2,1,нет,959,9,1,нет,мебель/оборудование,0
352,38.0,1,3,0.0,никогда не состоял(а),1,4,1,1,0,0,неизвестно/нет собственности,собственность,0,1,нет,3229,18,2,нет,автомобиль (б/у),1
353,28.0,1,2,,никогда не состоял(а),1,2,1,1,-1,1,страхование жизни/сберегательный договор,аренда,4,2,нет,6199,12,4,,радио/телевидение,0
354,46.0,1,2,4.0,никогда не состоял(а),1,4,1,1,0,3,неизвестно/нет собственности,бесплатно,2,1,нет,727,10,4,нет,образование,1
355,23.0,1,1,1.0,никогда не состоял(а),1,2,1,0,1,1,недвижимость,собственность,2,1,магазин,1246,24,4,нет,автомобиль (новый),0
356,49.0,1,2,4.0,никогда не состоял(а),1,4,1,1,0,0,недвижимость,собственность,0,1,нет,2331,12,1,созаемщик,радио/телевидение,1
357,26.0,1,3,2.0,никогда не состоял(а),1,2,1,1,0,1,автомобиль,собственность,1,2,нет,4463,36,4,нет,радио/телевидение,0
358,28.0,1,2,2.0,женат/овдовел,1,2,1,0,0,1,недвижимость,собственность,2,1,нет,776,12,4,нет,радио/телевидение,1
359,,0,2,3.0,замужем/живет раздельно/разведена,1,4,1,0,-1,1,недвижимость,аренда,2,1,нет,2406,30,4,нет,мебель/оборудование,0
360,61.0,1,2,2.0,никогда не состоял(а),1,4,1,0,1,0,неизвестно/нет собственности,бесплатно,2,1,нет,1239,18,4,нет,образование,1
361,37.0,1,3,4.0,никогда не состоял(а),1,3,1,0,2,0,автомобиль,собственность,2,1,нет,3399,12,2,нет,радио/телевидение,1
362,36.0,0,2,2.0,замужем/живет раздельно/разведена,1,2,1,1,2,1,автомобиль,собственность,1,2,магазин,2247,12,2,нет,автомобиль (новый),1
363,,1,2,2.0,женат/овдовел,1,2,1,0,0,1,страхование жизни/сберегательный договор,аренда,2,1,нет,1766,6,1,нет,мебель/оборудование,1
364,25.0,1,0,0.0,никогда не состоял(а),1,1,1,0,-1,1,автомобиль,собственность,2,1,нет,2473,18,4,нет,мебель/оборудование,0
365,36.0,1,2,3.0,никогда не состоял(а),1,4,1,1,0,1,автомобиль,собственность,2,1,нет,1542,12,2,нет,бизнес,1
366,27.0,1,2,3.0,никогда не состоял(а),1,1,1,0,0,1,автомобиль,собственность,0,2,нет,3850,18,3,нет,автомобиль (б/у),1
367,22.0,0,2,1.0,замужем/живет раздельно/разведена,1,4,1,0,-1,1,автомобиль,аренда,2,1,нет,3650,18,1,нет,мебель/оборудование,1
368,42.0,1,2,4.0,никогда не состоял(а),2,2,1,0,-1,1,автомобиль,собственность,2,1,нет,3446,36,4,нет,мебель/оборудование,0
369,40.0,0,2,,замужем/живет раздельно/разведена,1,4,1,0,1,1,недвижимость,аренда,2,1,нет,3001,18,2,нет,мебель/оборудование,1
370,36.0,1,2,2.0,никогда не состоял(а),1,4,1,0,0,0,недвижимость,собственность,2,1,нет,3079,36,4,нет,автомобиль (новый),1
371,33.0,1,2,4.0,никогда не состоял(а),1,4,1,1,0,1,автомобиль,собственность,0,2,нет,6070,18,3,,радио/телевидение,1
372,23.0,0,2,1.0,замужем/живет раздельно/разведена,1,3,1,0,0,1,недвижимость,аренда,0,2,нет,2146,10,1,нет,мебель/оборудование,1
373,63.0,1,3,4.0,никогда не состоял(а),1,4,1,1,0,0,неизвестно/нет собственности,бесплатно,0,1,банк,13756,60,2,нет,автомобиль (новый),1
374,60.0,0,3,4.0,замужем/живет раздельно/разведена,1,4,1,1,1,2,неизвестно/нет собственности,бесплатно,3,2,банк,14782,60,3,нет,другое,0
375,37.0,0,2,3.0,замужем/живет раздельно/разведена,1,4,1,0,-1,1,автомобиль,аренда,3,1,нет,7685,48,2,поручитель,бизнес,0
376,34.0,1,2,,женат/овдовел,1,3,1,0,0,1,недвижимость,собственность,1,2,нет,2320,18,2,нет,радио/телевидение,1
377,36.0,1,2,4.0,никогда не состоял(а),1,4,1,0,0,0,неизвестно/нет собственности,бесплатно,1,1,нет,846,7,3,нет,радио/телевидение,1
378,,1,3,4.0,никогда не состоял(а),1,2,1,1,1,1,неизвестно/нет собственности,бесплатно,2,1,нет,14318,36,4,нет,автомобиль (новый),0
379,52.0,0,1,2.0,замужем/живет раздельно/разведена,1,4,1,0,0,2,автомобиль,собственность,0,2,нет,362,6,4,нет,автомобиль (новый),1
380,39.0,1,2,3.0,никогда не состоял(а),1,4,1,1,-1,0,автомобиль,собственность,2,1,нет,2212,20,4,нет,мебель/оборудование,1
381,38.0,0,3,0.0,замужем/живет раздельно/разведена,1,4,1,1,1,1,неизвестно/нет собственности,бесплатно,2,1,нет,12976,18,3,нет,,0
382,25.0,0,2,3.0,замужем/живет раздельно/разведена,1,4,1,0,0,0,страхование жизни/сберегательный договор,аренда,2,1,нет,1283,22,4,нет,автомобиль (новый),1
383,26.0,1,2,1.0,никогда не состоял(а),1,1,1,0,2,1,недвижимость,собственность,2,1,нет,1330,12,4,нет,автомобиль (новый),1
384,26.0,1,1,2.0,никогда не состоял(а),1,2,1,0,0,2,страхование жизни/сберегательный договор,собственность,1,2,нет,4272,30,2,нет,бизнес,1
385,25.0,0,2,2.0,замужем/живет раздельно/разведена,1,1,1,0,0,1,автомобиль,собственность,0,2,нет,2238,18,2,нет,радио/телевидение,1
386,21.0,0,2,1.0,замужем/живет раздельно/разведена,1,2,1,1,0,0,недвижимость,аренда,2,1,нет,1126,18,4,нет,радио/телевидение,1
387,40.0,1,3,0.0,никогда не состоял(а),1,4,1,1,1,1,страхование жизни/сберегательный договор,собственность,0,2,магазин,7374,18,4,нет,мебель/оборудование,1
388,27.0,1,2,2.0,никогда не состоял(а),1,4,1,0,1,3,автомобиль,собственность,0,1,банк,2326,15,2,нет,бизнес,1
389,27.0,0,2,3.0,замужем/живет раздельно/разведена,1,2,1,0,0,1,автомобиль,собственность,2,2,нет,1449,9,3,нет,бизнес,1
390,30.0,1,3,2.0,женат/овдовел,1,2,1,1,0,1,страхование жизни/сберегательный договор,собственность,2,1,нет,1820,18,2,нет,автомобиль (новый),1
391,19.0,0,1,1.0,замужем/живет раздельно/разведена,1,4,1,0,1,4,недвижимость,аренда,2,1,нет,983,12,1,нет,мебель/оборудование,1
392,39.0,1,3,3.0,никогда не состоял(а),2,4,1,1,-1,1,неизвестно/нет собственности,бесплатно,2,1,банк,3249,36,2,нет,автомобиль (новый),1
393,31.0,0,2,3.0,замужем/живет раздельно/разведена,1,4,1,0,-1,1,автомобиль,собственность,0,1,нет,1957,6,1,нет,радио/телевидение,1
394,31.0,1,3,0.0,никогда не состоял(а),1,3,1,0,0,1,автомобиль,собственность,0,1,нет,2406,9,2,нет,мебель/оборудование,1
395,32.0,1,2,3.0,никогда не состоял(а),1,3,1,1,1,2,неизвестно/нет собственности,аренда,1,1,нет,11760,39,2,нет,образование,1
396,55.0,0,3,0.0,замужем/живет раздельно/разведена,1,4,1,0,-1,1,неизвестно/нет собственности,бесплатно,2,1,нет,2578,12,3,нет,мебель/оборудование,1
397,46.0,1,2,2.0,женат/овдовел,1,2,1,1,-1,1,страхование жизни/сберегательный договор,собственность,0,2,нет,2348,36,3,нет,мебель/оборудование,1
398,46.0,1,2,4.0,живет раздельно/разведен,1,1,1,0,1,1,недвижимость,аренда,2,2,нет,1223,12,1,нет,автомобиль (новый),0
399,43.0,0,1,2.0,замужем/живет раздельно/разведена,1,1,1,0,0,4,недвижимость,собственность,0,2,нет,1516,24,4,нет,,1
400,39.0,1,2,1.0,женат/овдовел,1,4,1,1,0,1,недвижимость,собственность,2,1,нет,1473,18,3,нет,радио/телевидение,1
401,28.0,1,2,2.0,женат/овдовел,1,4,1,0,1,0,недвижимость,собственность,0,2,банк,1887,18,4,нет,бизнес,1
402,27.0,1,2,1.0,никогда не состоял(а),1,2,1,1,0,1,автомобиль,собственность,1,2,банк,8648,24,2,нет,бизнес,0
403,27.0,1,1,2.0,никогда не состоял(а),1,2,1,0,0,1,автомобиль,собственность,1,2,нет,802,14,4,нет,автомобиль (новый),1
404,43.0,1,2,,никогда не состоял(а),2,4,1,0,1,0,автомобиль,собственность,1,1,нет,2899,18,4,нет,автомобиль (новый),1
405,22.0,1,2,1.0,женат/овдовел,1,1,1,1,1,1,страхование жизни/сберегательный договор,собственность,2,1,нет,2039,24,1,нет,радио/телевидение,0
406,,1,2,3.0,никогда не состоял(а),2,4,1,1,0,0,автомобиль,собственность,0,2,нет,2197,24,4,нет,автомобиль (б/у),1
407,,1,2,1.0,женат/овдовел,1,2,0,0,-1,1,недвижимость,собственность,2,1,нет,1053,15,4,нет,радио/телевидение,1
408,,1,3,,живет раздельно/разведен,1,2,1,1,0,3,автомобиль,собственность,2,1,нет,3235,24,3,нет,радио/телевидение,1
409,28.0,1,2,3.0,женат/овдовел,1,2,1,1,2,3,недвижимость,собственность,0,3,нет,939,12,4,нет,автомобиль (новый),0
410,20.0,0,2,4.0,замужем/живет раздельно/разведена,1,4,1,1,1,1,автомобиль,собственность,2,1,нет,1967,24,4,нет,радио/телевидение,1
411,35.0,1,3,3.0,никогда не состоял(а),1,2,1,1,0,1,автомобиль,собственность,0,2,нет,7253,33,3,нет,автомобиль (б/у),1
412,,1,3,0.0,никогда не состоял(а),1,2,1,1,0,1,автомобиль,собственность,0,2,магазин,2292,12,4,нет,бизнес,0
413,40.0,1,1,2.0,никогда не состоял(а),2,2,0,0,0,3,неизвестно/нет собственности,аренда,2,1,нет,1597,10,3,нет,автомобиль (новый),1
414,35.0,0,2,2.0,замужем/живет раздельно/разведена,1,2,1,0,-1,0,страхование жизни/сберегательный договор,собственность,2,1,нет,1381,24,4,нет,автомобиль (новый),0
415,35.0,1,2,4.0,никогда не состоял(а),2,2,1,1,0,1,страхование жизни/сберегательный договор,собственность,0,2,нет,5842,36,2,нет,автомобиль (б/у),1
416,,1,1,1.0,никогда не состоял(а),2,1,1,0,-1,1,недвижимость,собственность,2,1,нет,2579,12,4,нет,автомобиль (новый),0
417,23.0,0,2,2.0,замужем/живет раздельно/разведена,1,2,1,1,-1,0,автомобиль,аренда,1,2,нет,8471,18,1,нет,образование,1
418,31.0,0,3,3.0,замужем/живет раздельно/разведена,1,2,1,0,0,3,автомобиль,собственность,2,1,банк,2782,21,1,нет,автомобиль (новый),1
419,33.0,0,2,2.0,замужем/живет раздельно/разведена,1,2,1,0,1,0,страхование жизни/сберегательный договор,собственность,2,1,нет,1042,18,4,нет,автомобиль (новый),0
420,20.0,0,2,3.0,замужем/живет раздельно/разведена,1,3,1,0,0,4,автомобиль,аренда,2,1,нет,3186,15,2,нет,автомобиль (новый),1
421,30.0,1,2,2.0,никогда не состоял(а),1,2,1,0,1,0,автомобиль,собственность,2,1,нет,2028,12,4,нет,автомобиль (б/у),1
422,47.0,1,1,3.0,никогда не состоял(а),2,3,1,0,1,1,недвижимость,собственность,0,2,нет,958,12,2,нет,автомобиль (новый),1
423,34.0,1,3,,никогда не состоял(а),1,3,1,0,0,2,недвижимость,собственность,1,2,нет,1591,21,4,нет,мебель/оборудование,1
424,25.0,0,2,,замужем/живет раздельно/разведена,1,2,1,1,1,0,страхование жизни/сберегательный договор,собственность,2,1,банк,2762,12,1,нет,мебель/оборудование,0
425,21.0,1,2,2.0,женат/овдовел,1,3,1,1,1,1,автомобиль,аренда,2,1,нет,2779,18,1,нет,автомобиль (б/у),1
426,29.0,1,2,4.0,никогда не состоял(а),1,2,1,0,0,1,автомобиль,собственность,0,2,нет,2743,28,4,нет,радио/телевидение,1
427,46.0,1,2,2.0,никогда не состоял(а),1,3,1,0,0,4,недвижимость,собственность,0,2,нет,1149,18,4,нет,радио/телевидение,1
428,20.0,1,2,4.0,никогда не состоял(а),1,4,1,0,0,1,автомобиль,собственность,2,1,нет,1313,9,1,нет,мебель/оборудование,1
429,55.0,0,0,0.0,замужем/живет раздельно/разведена,2,4,1,0,-1,1,неизвестно/нет собственности,бесплатно,0,3,нет,1190,18,2,нет,ремонт,0
430,74.0,1,1,3.0,никогда не состоял(а),1,4,1,0,0,1,недвижимость,собственность,2,1,нет,3448,5,1,нет,бизнес,1
431,29.0,1,3,2.0,никогда не состоял(а),1,3,1,1,1,1,автомобиль,собственность,2,2,банк,11328,24,2,созаемщик,другое,0
432,36.0,1,3,0.0,никогда не состоял(а),1,4,1,1,-1,1,неизвестно/нет собственности,бесплатно,0,3,нет,1872,6,4,нет,мебель/оборудование,1
433,33.0,1,2,2.0,живет раздельно/разведен,1,2,1,1,0,1,недвижимость,собственность,0,2,нет,2058,24,4,нет,ремонт,1
434,25.0,1,2,2.0,никогда не состоял(а),1,2,1,0,-1,1,недвижимость,собственность,2,1,нет,2136,9,3,нет,мебель/оборудование,1
435,25.0,1,2,2.0,женат/овдовел,1,1,1,1,1,0,недвижимость,собственность,2,1,нет,1484,12,2,нет,радио/телевидение,0
436,23.0,1,1,3.0,женат/овдовел,1,4,1,0,0,3,недвижимость,аренда,2,1,нет,660,6,2,нет,ремонт,1
437,37.0,0,2,4.0,замужем/живет раздельно/разведена,1,4,1,1,0,4,недвижимость,собственность,0,2,нет,1287,24,4,нет,автомобиль (новый),1
438,65.0,1,0,0.0,никогда не состоял(а),1,4,1,0,-1,1,автомобиль,собственность,0,2,нет,3394,42,4,созаемщик,ремонт,1
439,26.0,0,0,1.0,замужем/живет раздельно/разведена,1,1,1,0,2,1,недвижимость,собственность,3,1,нет,609,12,4,нет,бизнес,0
440,,1,3,4.0,никогда не состоял(а),1,4,1,1,0,1,автомобиль,собственность,2,1,нет,1884,12,4,нет,,1
441,30.0,0,2,2.0,замужем/живет раздельно/разведена,1,3,1,0,-1,1,страхование жизни/сберегательный договор,собственность,2,1,нет,1620,12,2,созаемщик,мебель/оборудование,1
442,29.0,1,2,2.0,никогда не состоял(а),1,3,1,1,1,1,автомобиль,собственность,1,2,банк,2629,20,2,нет,другое,1
443,41.0,1,1,4.0,никогда не состоял(а),2,4,1,0,0,1,автомобиль,собственность,2,1,банк,719,12,4,нет,образование,0
444,30.0,0,3,2.0,замужем/живет раздельно/разведена,1,3,1,1,1,1,автомобиль,собственность,0,1,нет,5096,48,2,нет,мебель/оборудование,0
445,41.0,0,1,4.0,замужем/живет раздельно/разведена,1,4,1,0,0,0,страхование жизни/сберегательный договор,аренда,0,2,нет,1244,9,4,нет,образование,1
446,34.0,0,2,1.0,замужем/живет раздельно/разведена,1,4,1,1,-1,1,автомобиль,собственность,2,1,нет,1842,36,4,нет,автомобиль (новый),0
447,35.0,1,2,2.0,никогда не состоял(а),1,2,1,0,1,1,недвижимость,собственность,2,1,нет,2576,7,2,поручитель,радио/телевидение,1
448,55.0,0,3,4.0,замужем/живет раздельно/разведена,1,4,1,1,2,0,недвижимость,собственность,2,1,нет,1424,12,3,нет,мебель/оборудование,1
449,61.0,1,2,2.0,женат/овдовел,1,3,1,0,1,4,страхование жизни/сберегательный договор,собственность,1,2,магазин,1512,15,3,нет,ремонт,0
450,30.0,1,3,2.0,никогда не состоял(а),1,2,1,1,0,0,автомобиль,собственность,0,1,нет,11054,36,4,нет,автомобиль (б/у),1
451,29.0,0,2,2.0,замужем/живет раздельно/разведена,1,1,1,0,0,1,недвижимость,собственность,2,1,нет,518,6,3,нет,радио/телевидение,1
452,34.0,1,2,4.0,никогда не состоял(а),1,4,1,0,0,1,страхование жизни/сберегательный договор,собственность,4,2,нет,2759,12,2,нет,мебель/оборудование,1
453,35.0,1,3,4.0,никогда не состоял(а),1,4,1,1,0,1,автомобиль,собственность,2,1,нет,2670,24,4,нет,автомобиль (б/у),1
454,31.0,1,2,3.0,никогда не состоял(а),1,3,1,1,-1,1,страхование жизни/сберегательный договор,собственность,2,1,нет,4817,24,2,созаемщик,автомобиль (новый),0
455,29.0,0,3,1.0,замужем/живет раздельно/разведена,1,1,1,1,0,1,неизвестно/нет собственности,собственность,2,1,нет,2679,24,4,,автомобиль (б/у),1
456,36.0,1,2,2.0,никогда не состоял(а),2,2,1,0,-1,1,недвижимость,аренда,0,2,нет,3905,11,2,нет,автомобиль (новый),1
457,35.0,1,2,4.0,никогда не состоял(а),1,4,1,1,-1,1,неизвестно/нет собственности,бесплатно,2,1,нет,3386,12,3,нет,автомобиль (б/у),0
458,27.0,0,2,1.0,замужем/живет раздельно/разведена,1,1,1,0,-1,1,недвижимость,собственность,2,1,нет,343,6,4,нет,бытовая техника,1
459,32.0,1,2,1.0,никогда не состоял(а),1,2,1,1,0,1,автомобиль,собственность,2,1,нет,4594,18,3,нет,радио/телевидение,1
460,37.0,1,2,2.0,никогда не состоял(а),2,2,1,0,-1,1,страхование жизни/сберегательный договор,собственность,2,1,нет,3620,36,1,поручитель,мебель/оборудование,1
461,36.0,1,2,1.0,никогда не состоял(а),1,3,1,0,-1,1,недвижимость,собственность,2,1,нет,1721,15,2,нет,автомобиль (новый),1
462,34.0,0,3,1.0,замужем/живет раздельно/разведена,1,1,1,0,1,1,недвижимость,аренда,2,1,нет,3017,12,3,нет,,1
463,38.0,1,2,4.0,никогда не состоял(а),1,4,1,0,1,0,страхование жизни/сберегательный договор,собственность,2,2,нет,754,12,4,нет,переподготовка,1
464,34.0,1,2,3.0,никогда не состоял(а),1,1,1,1,0,1,автомобиль,собственность,2,2,магазин,1950,18,4,нет,бизнес,1
465,63.0,1,2,2.0,никогда не состоял(а),2,4,1,1,-1,1,неизвестно/нет собственности,собственность,2,1,банк,2924,24,3,поручитель,автомобиль (б/у),1
466,29.0,0,1,1.0,замужем/живет раздельно/разведена,1,2,1,1,-1,1,автомобиль,аренда,1,1,нет,1659,24,4,нет,,0
467,32.0,1,2,4.0,никогда не состоял(а),2,3,1,0,0,0,автомобиль,собственность,1,2,банк,7238,48,3,нет,радио/телевидение,1
468,26.0,0,2,2.0,замужем/живет раздельно/разведена,1,2,1,1,0,1,автомобиль,собственность,1,2,нет,2764,33,2,нет,бизнес,1
469,35.0,1,1,3.0,никогда не состоял(а),1,3,1,1,0,1,автомобиль,собственность,1,2,нет,4679,24,3,нет,автомобиль (б/у),1
470,22.0,1,2,1.0,женат/овдовел,1,2,1,1,1,2,автомобиль,аренда,2,1,нет,3092,24,3,нет,радио/телевидение,0
471,23.0,0,2,1.0,замужем/живет раздельно/разведена,1,4,1,0,-1,1,страхование жизни/сберегательный договор,собственность,2,1,нет,448,6,4,нет,образование,0
472,28.0,1,1,2.0,никогда не состоял(а),1,3,1,0,-1,1,автомобиль,собственность,2,1,нет,654,9,4,нет,автомобиль (новый),0
473,36.0,1,3,,никогда не состоял(а),2,4,1,1,0,0,страхование жизни/сберегательный договор,собственность,2,1,нет,1238,6,4,,переподготовка,1
474,33.0,1,2,2.0,женат/овдовел,1,2,1,0,1,1,автомобиль,собственность,0,1,нет,1245,18,4,нет,радио/телевидение,0
475,26.0,0,2,1.0,замужем/живет раздельно/разведена,1,4,1,0,-1,1,страхование жизни/сберегательный договор,аренда,4,1,нет,3114,18,1,нет,мебель/оборудование,0
476,24.0,1,2,2.0,никогда не состоял(а),1,4,1,0,0,3,автомобиль,собственность,2,1,нет,2569,39,4,нет,автомобиль (б/у),1
477,25.0,1,2,3.0,никогда не состоял(а),1,2,1,0,2,1,автомобиль,собственность,2,1,банк,5152,24,4,нет,радио/телевидение,1
478,39.0,1,1,3.0,никогда не состоял(а),1,4,1,0,1,2,недвижимость,собственность,2,1,нет,1037,12,3,нет,бизнес,1
479,44.0,1,2,4.0,никогда не состоял(а),2,4,1,1,-1,1,автомобиль,собственность,0,2,нет,1478,15,4,нет,мебель/оборудование,1
480,23.0,0,1,,замужем/живет раздельно/разведена,1,1,1,0,1,1,недвижимость,собственность,0,1,нет,3573,12,1,нет,радио/телевидение,1
481,26.0,1,2,1.0,никогда не состоял(а),1,1,1,0,1,1,страхование жизни/сберегательный договор,собственность,2,1,нет,1201,24,4,нет,автомобиль (новый),1
482,57.0,0,2,4.0,замужем/живет раздельно/разведена,1,4,1,1,-1,4,страхование жизни/сберегательный договор,аренда,2,2,нет,3622,30,4,нет,мебель/оборудование,1
483,30.0,0,2,3.0,замужем/живет раздельно/разведена,1,2,1,0,0,4,страхование жизни/сберегательный договор,собственность,1,2,нет,960,15,3,нет,мебель/оборудование,1
484,44.0,1,2,2.0,никогда не состоял(а),1,4,1,1,0,3,недвижимость,собственность,0,1,нет,1163,12,4,нет,автомобиль (новый),1
485,47.0,1,3,0.0,никогда не состоял(а),1,4,1,1,1,1,страхование жизни/сберегательный договор,собственность,1,1,нет,1209,6,4,нет,автомобиль (новый),0
486,52.0,1,2,2.0,никогда не состоял(а),1,4,1,1,0,1,автомобиль,собственность,2,1,нет,3077,12,2,нет,радио/телевидение,1
487,62.0,0,2,4.0,замужем/живет раздельно/разведена,1,4,1,1,0,1,неизвестно/нет собственности,бесплатно,2,1,нет,3757,24,4,созаемщик,автомобиль (новый),1
488,35.0,1,1,2.0,никогда не состоял(а),1,2,0,0,0,2,недвижимость,аренда,2,1,нет,1418,10,3,нет,автомобиль (новый),1
489,26.0,1,2,2.0,никогда не состоял(а),1,3,1,0,0,1,страхование жизни/сберегательный договор,аренда,2,1,нет,3518,6,2,поручитель,автомобиль (новый),1
490,26.0,1,2,4.0,никогда не состоял(а),1,2,1,0,0,1,неизвестно/нет собственности,собственность,0,2,нет,1934,12,2,нет,радио/телевидение,1
491,42.0,0,3,4.0,замужем/живет раздельно/разведена,1,4,1,1,1,1,неизвестно/нет собственности,бесплатно,4,2,нет,8318,27,2,нет,бизнес,0
492,27.0,0,2,,замужем/живет раздельно/разведена,1,1,1,0,0,2,страхование жизни/сберегательный договор,собственность,0,2,нет,1237,6,1,нет,радио/телевидение,1
493,38.0,1,2,4.0,никогда не состоял(а),1,4,1,0,1,0,страхование жизни/сберегательный договор,собственность,2,1,нет,368,6,4,нет,радио/телевидение,1
494,39.0,1,1,2.0,никогда не состоял(а),2,2,0,0,-1,1,недвижимость,аренда,0,2,нет,2122,12,3,нет,,1
495,20.0,1,2,2.0,женат/овдовел,1,4,1,0,-1,0,автомобиль,собственность,2,1,нет,2996,24,2,нет,мебель/оборудование,0
496,29.0,1,3,1.0,никогда не состоял(а),1,1,1,1,1,2,неизвестно/нет собственности,аренда,2,1,нет,9034,36,4,созаемщик,мебель/оборудование,0
497,40.0,1,2,3.0,никогда не состоял(а),1,3,1,0,0,1,страхование жизни/сберегательный договор,собственность,0,2,нет,1585,24,4,нет,мебель/оборудование,1
498,32.0,1,1,4.0,женат/овдовел,1,2,1,0,1,1,недвижимость,собственность,2,1,нет,1301,18,4,поручитель,радио/телевидение,1
499,28.0,1,2,4.0,живет раздельно/разведен,2,4,1,1,2,2,автомобиль,собственность,0,2,нет,1323,6,2,нет,автомобиль (новый),1
500,27.0,0,2,1.0,замужем/живет раздельно/разведена,1,1,1,0,-1,1,страхование жизни/сберегательный договор,собственность,2,1,нет,3123,24,4,нет,автомобиль (новый),0
501,42.0,1,2,4.0,никогда не состоял(а),2,4,1,0,-1,1,неизвестно/нет собственности,бесплатно,2,1,нет,5493,36,2,нет,,1
502,49.0,1,2,4.0,живет раздельно/разведен,1,4,1,0,2,2,недвижимость,собственность,2,1,нет,1126,9,2,нет,радио/телевидение,1
503,38.0,1,2,1.0,никогда не состоял(а),2,4,1,0,1,2,неизвестно/нет собственности,собственность,0,2,банк,1216,24,4,нет,радио/телевидение,0
504,24.0,0,2,1.0,замужем/живет раздельно/разведена,1,4,1,0,-1,1,страхование жизни/сберегательный договор,аренда,2,1,нет,1207,24,4,нет,автомобиль (новый),0
505,27.0,1,1,2.0,никогда не состоял(а),1,4,1,0,0,0,страхование жизни/сберегательный договор,собственность,2,1,нет,1309,10,4,поручитель,автомобиль (новый),0
506,36.0,1,2,2.0,никогда не состоял(а),1,2,1,1,2,3,автомобиль,собственность,0,1,нет,2360,15,2,нет,автомобиль (б/у),1
507,34.0,1,3,0.0,никогда не состоял(а),2,2,1,1,1,2,страхование жизни/сберегательный договор,собственность,3,1,нет,6850,15,1,нет,автомобиль (новый),0
508,28.0,1,2,2.0,женат/овдовел,1,2,1,0,0,1,страхование жизни/сберегательный договор,собственность,2,1,нет,1413,24,4,нет,радио/телевидение,1
509,45.0,1,3,4.0,никогда не состоял(а),1,2,1,1,0,2,автомобиль,собственность,2,1,нет,8588,39,4,нет,,1
510,26.0,1,2,3.0,никогда не состоял(а),1,2,1,0,-1,1,недвижимость,собственность,2,1,нет,759,12,4,нет,автомобиль (новый),0
511,32.0,1,3,2.0,никогда не состоял(а),1,2,1,1,0,1,неизвестно/нет собственности,бесплатно,2,1,нет,4686,36,2,нет,автомобиль (б/у),1
512,26.0,1,2,3.0,никогда не состоял(а),1,4,1,1,2,1,страхование жизни/сберегательный договор,аренда,2,1,нет,2687,15,2,нет,бизнес,1
513,20.0,1,2,2.0,женат/овдовел,1,4,1,0,1,1,недвижимость,аренда,1,2,нет,585,12,4,созаемщик,радио/телевидение,1
514,54.0,1,2,1.0,никогда не состоял(а),1,1,1,0,0,0,страхование жизни/сберегательный договор,собственность,2,1,нет,2255,24,4,нет,автомобиль (новый),1
515,37.0,0,2,3.0,замужем/живет раздельно/разведена,1,3,0,0,-1,1,страхование жизни/сберегательный договор,собственность,0,2,нет,609,6,4,нет,автомобиль (новый),1
516,40.0,1,1,1.0,никогда не состоял(а),2,4,0,0,-1,1,недвижимость,собственность,0,1,нет,1361,6,2,нет,автомобиль (новый),1
517,23.0,0,2,1.0,замужем/живет раздельно/разведена,1,4,1,1,0,1,страхование жизни/сберегательный договор,аренда,0,2,нет,7127,36,2,нет,мебель/оборудование,0
518,43.0,1,2,4.0,никогда не состоял(а),1,2,1,1,-1,2,страхование жизни/сберегательный договор,собственность,2,1,нет,1203,6,3,нет,автомобиль (новый),1
519,36.0,1,2,4.0,никогда не состоял(а),1,4,1,0,0,0,неизвестно/нет собственности,бесплатно,0,2,нет,700,6,4,нет,радио/телевидение,1
520,,1,2,4.0,никогда не состоял(а),1,4,1,0,0,1,неизвестно/нет собственности,бесплатно,0,2,нет,5507,24,3,нет,ремонт,1
521,24.0,0,2,2.0,замужем/живет раздельно/разведена,1,2,1,0,-1,1,недвижимость,собственность,2,1,нет,3190,18,2,нет,радио/телевидение,0
522,,1,2,2.0,никогда не состоял(а),2,4,1,0,-1,1,неизвестно/нет собственности,бесплатно,4,2,нет,7119,48,3,нет,мебель/оборудование,0
523,23.0,0,2,3.0,замужем/живет раздельно/разведена,1,4,1,0,0,2,автомобиль,собственность,2,1,нет,3488,24,3,нет,автомобиль (б/у),1
524,26.0,0,1,2.0,замужем/живет раздельно/разведена,2,4,1,0,1,1,недвижимость,собственность,2,1,нет,1113,18,4,поручитель,радио/телевидение,1
525,30.0,1,2,1.0,никогда не состоял(а),1,3,1,0,1,1,автомобиль,собственность,2,2,нет,7966,26,2,нет,автомобиль (б/у),1
526,31.0,0,2,2.0,замужем/живет раздельно/разведена,1,3,1,0,0,2,автомобиль,собственность,0,1,нет,1532,15,4,нет,образование,1
527,42.0,1,1,3.0,никогда не состоял(а),2,1,1,0,0,1,недвижимость,собственность,0,2,нет,1503,4,2,нет,радио/телевидение,1
528,31.0,1,2,2.0,живет раздельно/разведен,1,4,1,0,-1,1,автомобиль,аренда,2,1,нет,2302,36,4,нет,радио/телевидение,0
529,41.0,1,1,1.0,никогда не состоял(а),2,4,1,1,-1,1,недвижимость,собственность,2,1,нет,662,6,3,нет,автомобиль (новый),1
530,32.0,1,2,3.0,никогда не состоял(а),2,1,1,0,1,1,автомобиль,собственность,2,2,нет,2273,36,3,нет,образование,1
531,28.0,0,2,2.0,замужем/живет раздельно/разведена,1,4,1,1,1,2,автомобиль,аренда,2,2,нет,2631,15,2,нет,автомобиль (новый),0
532,41.0,1,2,2.0,женат/овдовел,1,4,1,0,0,1,недвижимость,аренда,1,1,нет,1503,12,4,нет,автомобиль (б/у),1
533,26.0,1,2,3.0,женат/овдовел,1,3,1,1,0,2,страхование жизни/сберегательный договор,собственность,2,1,нет,1311,24,4,нет,радио/телевидение,1
534,25.0,1,2,1.0,никогда не состоял(а),1,2,1,0,0,0,автомобиль,собственность,2,2,нет,3105,24,4,нет,радио/телевидение,1
535,33.0,1,2,1.0,живет раздельно/разведен,1,1,1,0,2,1,автомобиль,аренда,0,1,нет,2319,21,2,нет,образование,0
536,75.0,0,3,0.0,замужем/живет раздельно/разведена,1,3,1,1,-1,0,страхование жизни/сберегательный договор,собственность,2,1,нет,1374,6,4,нет,автомобиль (новый),1
537,37.0,0,2,4.0,замужем/живет раздельно/разведена,1,4,1,1,1,1,страхование жизни/сберегательный договор,собственность,0,1,нет,3612,18,3,нет,мебель/оборудование,1
538,42.0,1,3,4.0,никогда не состоял(а),1,4,1,0,-1,1,неизвестно/нет собственности,бесплатно,2,1,банк,7763,48,4,нет,автомобиль (новый),0
539,45.0,0,1,1.0,замужем/живет раздельно/разведена,1,1,1,0,2,1,страхование жизни/сберегательный договор,собственность,2,1,магазин,3049,18,1,нет,мебель/оборудование,1
540,23.0,1,2,1.0,женат/овдовел,1,1,1,0,1,1,недвижимость,аренда,2,1,нет,1534,12,1,нет,радио/телевидение,0
541,60.0,1,2,4.0,никогда не состоял(а),1,4,1,1,0,1,неизвестно/нет собственности,бесплатно,1,2,нет,2032,24,4,нет,автомобиль (новый),1
542,31.0,1,2,4.0,никогда не состоял(а),1,4,1,0,-1,0,страхование жизни/сберегательный договор,собственность,2,1,нет,6350,30,4,нет,мебель/оборудование,0
543,,1,1,2.0,никогда не состоял(а),2,1,1,0,2,1,недвижимость,собственность,2,1,нет,2864,18,2,нет,мебель/оборудование,0
544,61.0,1,1,,никогда не состоял(а),1,4,1,0,0,1,недвижимость,собственность,0,2,нет,1255,12,4,нет,автомобиль (новый),1
545,43.0,1,2,0.0,никогда не состоял(а),2,2,1,0,-1,1,недвижимость,бесплатно,1,2,нет,1333,24,4,нет,автомобиль (новый),0
546,37.0,0,2,2.0,замужем/живет раздельно/разведена,1,4,1,1,0,1,автомобиль,собственность,0,1,нет,2022,24,4,нет,автомобиль (новый),1
547,32.0,1,2,3.0,никогда не состоял(а),2,1,1,0,0,1,автомобиль,собственность,2,1,банк,1552,24,3,нет,радио/телевидение,1
548,24.0,0,1,2.0,замужем/живет раздельно/разведена,1,4,1,0,-1,1,недвижимость,собственность,3,1,банк,626,12,4,нет,радио/телевидение,0
549,35.0,1,2,3.0,никогда не состоял(а),1,1,1,1,0,0,неизвестно/нет собственности,бесплатно,0,2,нет,8858,48,2,нет,автомобиль (б/у),1
550,23.0,0,2,3.0,замужем/живет раздельно/разведена,1,4,1,0,0,0,недвижимость,собственность,0,2,нет,996,12,4,нет,ремонт,1
551,45.0,1,1,4.0,никогда не состоял(а),2,4,1,0,0,3,страхование жизни/сберегательный договор,собственность,3,1,банк,1750,6,2,нет,радио/телевидение,1
552,34.0,1,2,3.0,женат/овдовел,1,1,1,1,-1,1,недвижимость,собственность,2,2,нет,6999,48,1,поручитель,радио/телевидение,0
553,27.0,1,2,1.0,никогда не состоял(а),1,1,1,0,1,2,автомобиль,собственность,0,1,нет,1995,12,4,нет,автомобиль (новый),1
554,67.0,0,3,,замужем/живет раздельно/разведена,1,4,1,1,1,1,страхование жизни/сберегательный договор,собственность,2,2,нет,1199,9,4,нет,образование,1
555,22.0,1,2,1.0,никогда не состоял(а),1,1,1,0,1,1,автомобиль,собственность,2,1,магазин,1331,12,2,нет,радио/телевидение,0
556,28.0,0,2,1.0,замужем/живет раздельно/разведена,1,3,1,0,1,2,автомобиль,собственность,4,2,нет,2278,18,3,нет,автомобиль (новый),0
557,29.0,0,2,2.0,замужем/живет раздельно/разведена,1,4,1,1,0,0,страхование жизни/сберегательный договор,собственность,4,2,банк,5003,21,1,нет,,0
558,27.0,1,2,3.0,никогда не состоял(а),1,4,1,0,-1,1,автомобиль,собственность,3,1,банк,3552,24,3,нет,мебель/оборудование,0
559,31.0,1,1,1.0,никогда не состоял(а),1,2,1,0,1,1,недвижимость,собственность,0,2,нет,1928,18,2,нет,мебель/оборудование,0
560,49.0,1,2,4.0,никогда не состоял(а),2,4,1,1,-1,0,неизвестно/нет собственности,бесплатно,2,1,банк,2964,24,4,нет,автомобиль (б/у),1
561,24.0,1,1,3.0,никогда не состоял(а),1,4,1,0,-1,1,автомобиль,аренда,3,1,банк,1546,24,4,поручитель,радио/телевидение,0
562,29.0,0,2,1.0,замужем/живет раздельно/разведена,1,1,1,0,2,1,страхование жизни/сберегательный договор,собственность,1,1,банк,683,6,2,нет,радио/телевидение,1
563,37.0,1,2,2.0,никогда не состоял(а),1,4,1,1,1,0,неизвестно/нет собственности,бесплатно,2,1,нет,12389,36,1,нет,,0
564,37.0,1,3,2.0,никогда не состоял(а),1,2,1,1,1,0,страхование жизни/сберегательный договор,собственность,1,2,банк,4712,24,4,нет,бизнес,1
565,23.0,0,2,3.0,замужем/живет раздельно/разведена,1,2,1,1,1,2,страхование жизни/сберегательный договор,аренда,1,2,нет,1553,24,3,нет,радио/телевидение,1
566,36.0,1,2,3.0,живет раздельно/разведен,1,3,1,0,-1,1,автомобиль,собственность,2,1,нет,1372,12,2,нет,автомобиль (новый),0
567,34.0,1,2,4.0,никогда не состоял(а),1,2,1,0,0,4,автомобиль,собственность,0,1,нет,2578,24,2,нет,радио/телевидение,1
568,41.0,1,2,3.0,никогда не состоял(а),2,1,1,1,1,0,автомобиль,собственность,2,2,нет,3979,48,4,нет,радио/телевидение,1
569,31.0,0,2,2.0,замужем/живет раздельно/разведена,1,2,1,1,-1,1,автомобиль,собственность,2,1,нет,6758,48,3,нет,радио/телевидение,0
570,23.0,0,1,1.0,замужем/живет раздельно/разведена,1,4,1,1,-1,1,недвижимость,аренда,2,1,нет,3234,24,4,нет,мебель/оборудование,0
571,38.0,1,2,3.0,никогда не состоял(а),1,2,1,0,0,1,автомобиль,собственность,0,1,нет,5954,30,3,созаемщик,радио/телевидение,1
572,26.0,0,3,,замужем/живет раздельно/разведена,1,4,1,1,0,0,страхование жизни/сберегательный договор,аренда,2,1,нет,5433,24,2,нет,автомобиль (б/у),1
573,22.0,0,1,2.0,замужем/живет раздельно/разведена,1,4,1,0,-1,1,страхование жизни/сберегательный договор,собственность,2,1,нет,806,15,4,нет,бизнес,1
574,27.0,1,1,4.0,никогда не состоял(а),1,4,1,0,1,1,автомобиль,собственность,2,2,нет,1082,9,4,нет,радио/телевидение,1
575,24.0,0,2,3.0,замужем/живет раздельно/разведена,1,3,1,0,0,1,автомобиль,собственность,0,2,банк,2788,15,2,созаемщик,мебель/оборудование,1
576,27.0,0,2,3.0,замужем/живет раздельно/разведена,1,1,1,0,1,1,недвижимость,собственность,2,1,нет,2930,12,2,нет,радио/телевидение,1
577,33.0,0,2,2.0,замужем/живет раздельно/разведена,1,2,1,1,0,0,автомобиль,собственность,0,2,нет,1927,24,3,нет,образование,1
578,27.0,1,2,1.0,живет раздельно/разведен,1,4,1,0,1,1,автомобиль,собственность,0,2,нет,2820,36,4,нет,автомобиль (новый),0
579,27.0,1,1,1.0,женат/овдовел,1,3,1,0,0,1,автомобиль,собственность,2,2,нет,937,24,4,нет,переподготовка,1
580,30.0,1,2,4.0,никогда не состоял(а),1,3,1,0,1,1,недвижимость,собственность,0,2,банк,1056,18,3,поручитель,автомобиль (новый),0
581,49.0,1,1,1.0,никогда не состоял(а),2,3,1,0,1,1,недвижимость,собственность,0,2,банк,3124,12,1,нет,автомобиль (новый),1
582,26.0,0,2,2.0,замужем/живет раздельно/разведена,1,2,1,0,0,1,недвижимость,аренда,2,1,нет,1388,9,4,нет,мебель/оборудование,1
583,33.0,1,1,1.0,никогда не состоял(а),1,1,1,0,1,1,неизвестно/нет собственности,аренда,2,1,нет,2384,36,4,нет,ремонт,0
584,52.0,0,3,4.0,замужем/живет раздельно/разведена,1,4,1,1,0,0,неизвестно/нет собственности,бесплатно,2,1,нет,2133,12,4,нет,автомобиль (новый),1
585,20.0,0,2,2.0,замужем/живет раздельно/разведена,1,4,1,0,-1,1,недвижимость,аренда,2,1,банк,2039,18,1,нет,мебель/оборудование,0
586,36.0,1,2,2.0,никогда не состоял(а),2,2,1,0,-1,1,недвижимость,аренда,0,2,нет,2799,9,2,нет,автомобиль (новый),1
587,21.0,1,1,2.0,никогда не состоял(а),1,1,1,0,-1,1,страхование жизни/сберегательный договор,собственность,2,1,нет,1289,12,4,поручитель,мебель/оборудование,1
588,47.0,1,1,2.0,женат/овдовел,1,3,1,1,-1,1,недвижимость,собственность,2,1,нет,1217,18,4,нет,бытовая техника,0
589,,1,2,4.0,никогда не состоял(а),1,3,1,0,-1,1,страхование жизни/сберегательный договор,собственность,0,2,нет,2246,12,3,нет,мебель/оборудование,0
590,58.0,0,1,3.0,замужем/живет раздельно/разведена,1,3,1,1,-1,1,недвижимость,собственность,0,4,нет,385,12,4,нет,радио/телевидение,1
591,42.0,0,2,2.0,замужем/живет раздельно/разведена,1,4,1,1,1,0,автомобиль,аренда,1,2,нет,1965,24,4,нет,автомобиль (новый),1
592,36.0,0,1,4.0,замужем/живет раздельно/разведена,1,4,1,0,0,4,недвижимость,собственность,2,1,банк,1572,21,4,нет,бизнес,1
593,20.0,0,1,2.0,замужем/живет раздельно/разведена,1,4,1,1,1,1,страхование жизни/сберегательный договор,аренда,2,1,нет,2718,24,3,нет,автомобиль (новый),0
594,40.0,1,3,4.0,никогда не состоял(а),1,3,1,1,-1,0,автомобиль,собственность,3,1,магазин,1358,24,4,нет,другое,0
595,32.0,0,1,1.0,замужем/живет раздельно/разведена,1,1,1,0,1,2,страхование жизни/сберегательный договор,собственность,3,1,магазин,931,6,1,нет,автомобиль (новый),0
596,23.0,0,2,3.0,замужем/живет раздельно/разведена,1,4,1,0,-1,1,автомобиль,аренда,2,2,нет,1442,24,4,нет,автомобиль (новый),0
597,36.0,1,1,2.0,никогда не состоял(а),1,4,1,1,1,1,недвижимость,собственность,4,3,нет,4241,24,1,,бизнес,0
598,31.0,1,2,3.0,никогда не состоял(а),1,2,1,0,0,1,страхование жизни/сберегательный договор,собственность,0,2,банк,2775,18,2,нет,автомобиль (новый),0
599,,1,2,,никогда не состоял(а),1,2,1,0,0,1,неизвестно/нет собственности,бесплатно,1,1,нет,3863,24,1,нет,бизнес,1
600,45.0,0,2,1.0,замужем/живет раздельно/разведена,1,1,1,0,1,1,недвижимость,собственность,2,1,нет,2329,7,1,поручитель,радио/телевидение,1
601,30.0,0,2,2.0,замужем/живет раздельно/разведена,1,1,1,0,1,1,страхование жизни/сберегательный договор,собственность,2,1,нет,918,9,4,нет,,0
602,34.0,0,1,3.0,замужем/живет раздельно/разведена,1,4,1,0,1,1,неизвестно/нет собственности,бесплатно,3,1,банк,1837,24,4,,образование,0
603,28.0,0,3,2.0,замужем/живет раздельно/разведена,1,2,1,1,0,1,автомобиль,собственность,2,1,нет,3349,36,4,нет,мебель/оборудование,0
604,23.0,0,2,1.0,замужем/живет раздельно/разведена,1,2,1,0,2,1,страхование жизни/сберегательный договор,собственность,2,1,нет,1275,10,4,нет,мебель/оборудование,1
605,22.0,1,2,2.0,никогда не состоял(а),1,4,1,1,-1,3,недвижимость,собственность,3,1,магазин,2828,24,4,нет,мебель/оборудование,1
606,74.0,1,3,2.0,никогда не состоял(а),1,2,1,1,0,1,недвижимость,собственность,0,1,нет,4526,24,3,нет,бизнес,1
607,50.0,0,2,2.0,замужем/живет раздельно/разведена,1,4,1,0,1,2,неизвестно/нет собственности,бесплатно,2,1,нет,2671,36,4,созаемщик,радио/телевидение,0
608,33.0,1,2,1.0,никогда не состоял(а),1,1,1,0,0,1,недвижимость,собственность,2,1,нет,2051,18,4,нет,радио/телевидение,1
609,45.0,1,2,4.0,никогда не состоял(а),2,4,1,0,0,0,неизвестно/нет собственности,бесплатно,2,1,банк,1300,15,4,нет,автомобиль (б/у),1
610,22.0,0,2,0.0,замужем/живет раздельно/разведена,1,3,1,0,-1,2,страхование жизни/сберегательный договор,собственность,2,1,нет,741,12,4,нет,бытовая техника,0
611,48.0,0,1,4.0,замужем/живет раздельно/разведена,2,4,1,0,2,2,неизвестно/нет собственности,бесплатно,2,1,нет,1240,10,1,нет,автомобиль (новый),0
612,,0,2,1.0,замужем/живет раздельно/разведена,1,2,1,0,-1,4,автомобиль,собственность,2,1,банк,3357,21,4,нет,радио/телевидение,1
613,22.0,0,2,2.0,замужем/живет раздельно/разведена,1,4,0,0,-1,1,автомобиль,аренда,3,1,банк,3632,24,1,поручитель,автомобиль (б/у),1
614,22.0,0,2,3.0,замужем/живет раздельно/разведена,1,1,1,0,0,1,недвижимость,собственность,1,1,нет,1808,18,4,нет,мебель/оборудование,0
615,48.0,1,3,,никогда не состоял(а),1,2,1,1,1,0,автомобиль,собственность,4,1,банк,12204,48,2,нет,бизнес,1
616,27.0,1,3,2.0,никогда не состоял(а),1,2,1,0,1,0,неизвестно/нет собственности,бесплатно,1,1,нет,9157,60,2,нет,радио/телевидение,1
617,37.0,1,2,2.0,никогда не состоял(а),2,3,1,0,-1,1,недвижимость,аренда,0,3,нет,3676,6,1,нет,автомобиль (новый),1
618,21.0,0,2,2.0,замужем/живет раздельно/разведена,1,4,1,0,1,2,автомобиль,аренда,2,1,нет,3441,30,2,созаемщик,мебель/оборудование,0
619,49.0,1,1,2.0,живет раздельно/разведен,1,2,1,0,0,1,недвижимость,собственность,2,1,нет,640,12,4,нет,автомобиль (новый),1
620,27.0,1,2,,никогда не состоял(а),1,3,1,0,1,1,страхование жизни/сберегательный договор,собственность,0,2,нет,3652,21,2,нет,бизнес,1
621,32.0,1,2,2.0,никогда не состоял(а),1,2,1,0,0,1,страхование жизни/сберегательный договор,собственность,0,2,банк,1530,18,3,нет,автомобиль (новый),0
622,38.0,1,2,2.0,живет раздельно/разведен,1,2,1,0,0,0,недвижимость,собственность,2,1,банк,3914,48,4,нет,бизнес,0
623,22.0,0,2,1.0,замужем/живет раздельно/разведена,1,1,1,0,-1,1,автомобиль,аренда,2,1,нет,1858,12,4,нет,мебель/оборудование,1
624,65.0,1,2,2.0,никогда не состоял(а),1,4,1,0,-1,1,неизвестно/нет собственности,бесплатно,2,2,нет,2600,18,4,нет,радио/телевидение,0
625,35.0,1,2,4.0,никогда не состоял(а),1,2,1,0,0,0,автомобиль,собственность,2,1,нет,1979,15,4,нет,радио/телевидение,1
626,41.0,1,2,2.0,никогда не состоял(а),1,2,1,1,2,1,недвижимость,собственность,2,1,нет,2116,6,2,,мебель/оборудование,1
627,29.0,1,2,3.0,никогда не состоял(а),1,3,1,0,1,2,неизвестно/нет собственности,собственность,3,1,нет,1437,9,2,нет,автомобиль (новый),0
628,36.0,1,2,2.0,никогда не состоял(а),1,4,1,1,0,3,недвижимость,собственность,0,2,нет,4042,42,4,нет,мебель/оборудование,1
629,64.0,1,1,4.0,никогда не состоял(а),1,4,1,0,0,0,недвижимость,собственность,2,1,нет,3832,9,1,нет,образование,1
630,28.0,0,2,2.0,замужем/живет раздельно/разведена,1,4,1,0,-1,1,автомобиль,собственность,2,1,нет,3660,24,2,нет,радио/телевидение,1
631,44.0,1,2,2.0,никогда не состоял(а),1,3,1,0,-1,1,автомобиль,собственность,3,1,банк,1553,18,4,нет,мебель/оборудование,0
632,23.0,1,2,1.0,никогда не состоял(а),1,1,1,0,1,0,страхование жизни/сберегательный договор,собственность,2,1,нет,1444,15,4,нет,радио/телевидение,1
633,19.0,0,2,,замужем/живет раздельно/разведена,1,2,1,0,0,1,автомобиль,аренда,2,2,нет,1980,9,2,созаемщик,мебель/оборудование,0
634,25.0,0,1,1.0,замужем/живет раздельно/разведена,1,4,1,1,1,1,автомобиль,собственность,2,1,нет,1355,24,3,нет,автомобиль (новый),0
635,47.0,1,2,4.0,никогда не состоял(а),2,4,1,1,0,1,страхование жизни/сберегательный договор,собственность,2,3,банк,1393,12,4,нет,образование,1
636,28.0,0,2,3.0,замужем/живет раздельно/разведена,1,1,1,0,0,3,автомобиль,собственность,2,1,нет,1376,24,4,нет,радио/телевидение,1
637,21.0,1,2,3.0,никогда не состоял(а),1,4,1,1,0,1,автомобиль,собственность,1,2,нет,15653,60,2,нет,радио/телевидение,1
638,34.0,0,2,1.0,замужем/живет раздельно/разведена,2,3,1,0,0,1,автомобиль,собственность,2,1,нет,1493,12,4,нет,радио/телевидение,1
639,26.0,1,2,3.0,никогда не состоял(а),2,2,1,1,-1,1,страхование жизни/сберегательный договор,собственность,1,2,банк,4370,42,3,нет,радио/телевидение,0
640,27.0,0,0,0.0,замужем/живет раздельно/разведена,1,1,1,0,-1,1,недвижимость,собственность,2,1,нет,750,18,4,нет,образование,0
641,,1,1,4.0,никогда не состоял(а),1,4,1,0,1,1,автомобиль,собственность,2,2,нет,1308,15,4,нет,ремонт,1
642,40.0,1,3,2.0,никогда не состоял(а),1,2,1,1,0,2,страхование жизни/сберегательный договор,собственность,2,1,нет,4623,15,3,нет,образование,0
643,,1,2,3.0,женат/овдовел,1,2,1,1,0,1,автомобиль,собственность,0,2,нет,1851,24,4,поручитель,радио/телевидение,1
644,32.0,1,3,3.0,женат/овдовел,1,1,1,1,-1,1,страхование жизни/сберегательный договор,собственность,0,2,нет,1880,18,4,нет,радио/телевидение,1
645,27.0,1,2,1.0,никогда не состоял(а),1,4,1,1,0,0,автомобиль,аренда,1,2,нет,7980,36,4,нет,бизнес,0
646,32.0,1,2,2.0,живет раздельно/разведен,1,2,1,0,-1,1,недвижимость,собственность,4,2,нет,4583,30,2,поручитель,мебель/оборудование,1
647,,0,2,,замужем/живет раздельно/разведена,1,2,1,0,0,3,страхование жизни/сберегательный договор,собственность,2,1,нет,1386,12,2,нет,автомобиль (новый),0
648,38.0,1,2,3.0,никогда не состоял(а),2,3,1,0,2,1,неизвестно/нет собственности,бесплатно,2,1,банк,947,24,4,нет,автомобиль (новый),0
649,40.0,1,1,2.0,никогда не состоял(а),2,4,1,0,-1,1,автомобиль,аренда,2,1,нет,684,12,4,нет,образование,0
650,50.0,1,3,3.0,никогда не состоял(а),1,1,1,1,-1,1,неизвестно/нет собственности,бесплатно,2,1,нет,7476,48,4,нет,образование,1
651,37.0,1,1,2.0,никогда не состоял(а),1,2,1,0,1,1,страхование жизни/сберегательный договор,собственность,2,1,нет,1922,12,4,нет,мебель/оборудование,0
652,45.0,1,2,4.0,никогда не состоял(а),1,1,1,0,-1,1,недвижимость,собственность,2,1,нет,2303,24,4,созаемщик,автомобиль (новый),0
653,42.0,1,3,4.0,никогда не состоял(а),1,4,1,1,1,2,автомобиль,собственность,1,4,нет,8086,36,2,нет,автомобиль (новый),0
654,35.0,1,2,,никогда не состоял(а),1,3,1,1,0,1,автомобиль,собственность,0,2,нет,2346,24,4,нет,автомобиль (б/у),1
655,22.0,1,2,0.0,никогда не состоял(а),1,4,1,0,-1,1,неизвестно/нет собственности,бесплатно,2,1,нет,3973,14,1,нет,автомобиль (новый),1
656,41.0,1,1,4.0,никогда не состоял(а),2,4,1,0,1,1,автомобиль,собственность,2,1,банк,888,12,4,нет,автомобиль (новый),0
657,37.0,1,2,3.0,никогда не состоял(а),1,3,1,1,0,0,автомобиль,собственность,2,1,магазин,10222,48,4,нет,радио/телевидение,1
658,28.0,0,2,2.0,замужем/живет раздельно/разведена,1,1,1,0,1,1,автомобиль,собственность,4,2,нет,4221,30,2,нет,бизнес,1
659,41.0,1,2,4.0,никогда не состоял(а),1,1,1,1,1,1,неизвестно/нет собственности,собственность,0,1,нет,6361,18,2,нет,мебель/оборудование,1
660,23.0,1,2,2.0,женат/овдовел,1,4,1,0,2,1,недвижимость,аренда,2,1,нет,1297,12,3,нет,радио/телевидение,1
661,23.0,1,2,2.0,женат/овдовел,1,2,1,0,-1,0,автомобиль,собственность,2,1,нет,900,12,4,нет,автомобиль (новый),0
662,50.0,1,2,4.0,никогда не состоял(а),1,2,1,0,0,1,недвижимость,собственность,2,2,нет,2241,21,4,нет,мебель/оборудование,1
663,35.0,1,3,0.0,никогда не состоял(а),1,1,1,1,1,1,страхование жизни/сберегательный договор,собственность,1,2,магазин,1050,6,4,нет,мебель/оборудование,1
664,50.0,0,1,2.0,замужем/живет раздельно/разведена,1,4,1,0,2,1,страхование жизни/сберегательный договор,собственность,0,1,нет,1047,6,2,нет,образование,1
665,27.0,1,3,0.0,никогда не состоял(а),1,2,1,1,0,1,неизвестно/нет собственности,собственность,0,2,банк,6314,24,4,созаемщик,другое,1
666,34.0,1,2,2.0,никогда не состоял(а),2,2,1,1,1,4,автомобиль,собственность,3,1,магазин,3496,30,4,нет,мебель/оборудование,1
667,27.0,0,2,2.0,замужем/живет раздельно/разведена,1,1,1,0,0,1,недвижимость,собственность,3,1,магазин,3609,48,1,нет,бизнес,1
668,43.0,1,2,,никогда не состоял(а),1,4,1,1,-1,1,страхование жизни/сберегательный договор,аренда,0,2,нет,4843,12,3,созаемщик,автомобиль (новый),0
669,47.0,1,2,4.0,никогда не состоял(а),1,4,1,0,2,1,страхование жизни/сберегательный договор,собственность,0,1,нет,3017,30,4,нет,радио/телевидение,1
670,27.0,1,1,2.0,никогда не состоял(а),1,3,1,1,0,2,страхование жизни/сберегательный договор,собственность,0,2,нет,4139,24,3,нет,бизнес,1
671,31.0,1,2,3.0,никогда не состоял(а),1,2,1,1,0,2,автомобиль,собственность,2,2,нет,5742,36,2,нет,бизнес,1
672,,1,3,,никогда не состоял(а),1,4,1,1,0,1,страхование жизни/сберегательный договор,собственность,2,1,нет,10366,60,2,нет,автомобиль (новый),1
673,24.0,1,2,2.0,женат/овдовел,1,2,1,0,0,3,автомобиль,собственность,0,1,нет,2080,6,1,нет,автомобиль (новый),1
674,41.0,1,1,1.0,никогда не состоял(а),2,2,1,0,0,3,недвижимость,собственность,1,1,банк,2580,21,4,нет,бизнес,0
675,26.0,0,3,3.0,замужем/живет раздельно/разведена,1,4,1,1,0,1,автомобиль,аренда,0,1,нет,4530,30,4,нет,радио/телевидение,1
676,33.0,1,2,4.0,никогда не состоял(а),1,4,1,1,0,1,автомобиль,собственность,0,1,нет,5150,24,4,нет,мебель/оборудование,1
677,24.0,1,2,2.0,женат/овдовел,1,2,1,0,1,2,автомобиль,собственность,2,1,нет,5595,72,2,нет,радио/телевидение,0
678,64.0,1,1,4.0,никогда не состоял(а),1,4,1,0,-1,1,недвижимость,аренда,2,1,банк,2384,24,4,нет,радио/телевидение,1
679,26.0,0,2,1.0,замужем/живет раздельно/разведена,1,1,1,0,0,1,недвижимость,собственность,2,1,нет,1453,18,3,нет,радио/телевидение,1
680,56.0,0,2,1.0,замужем/живет раздельно/разведена,1,2,1,0,0,1,неизвестно/нет собственности,собственность,2,1,нет,1538,6,1,нет,образование,1
681,37.0,1,2,2.0,никогда не состоял(а),1,4,1,1,0,0,неизвестно/нет собственности,бесплатно,2,1,нет,2279,12,4,нет,радио/телевидение,1
682,33.0,1,2,2.0,женат/овдовел,1,3,1,0,0,1,недвижимость,собственность,1,2,банк,1478,15,4,,радио/телевидение,1
683,47.0,1,2,1.0,женат/овдовел,1,3,1,1,0,1,неизвестно/нет собственности,бесплатно,0,3,нет,5103,24,3,нет,радио/телевидение,1
684,31.0,1,1,3.0,никогда не состоял(а),2,3,1,1,1,2,страхование жизни/сберегательный договор,собственность,1,2,нет,9857,36,1,нет,бизнес,1
685,34.0,1,2,2.0,никогда не состоял(а),2,4,1,1,0,0,неизвестно/нет собственности,бесплатно,2,1,нет,6527,60,4,нет,автомобиль (новый),1
686,27.0,1,2,3.0,никогда не состоял(а),1,2,1,1,2,0,страхование жизни/сберегательный договор,собственность,0,2,нет,1347,10,4,нет,радио/телевидение,1
687,,1,2,4.0,никогда не состоял(а),1,3,1,0,1,2,неизвестно/нет собственности,бесплатно,1,1,нет,2862,36,4,нет,автомобиль (новый),1
688,35.0,1,2,4.0,никогда не состоял(а),1,4,1,1,0,2,автомобиль,собственность,2,1,нет,2753,9,3,созаемщик,радио/телевидение,1
689,31.0,1,2,2.0,никогда не состоял(а),2,3,1,0,-1,4,страхование жизни/сберегательный договор,собственность,2,1,нет,3651,12,1,нет,автомобиль (новый),1
690,25.0,1,2,,живет раздельно/разведен,1,3,1,0,-1,1,страхование жизни/сберегательный договор,собственность,0,2,нет,975,15,2,нет,мебель/оборудование,1
691,25.0,0,1,2.0,замужем/живет раздельно/разведена,1,2,1,0,1,2,недвижимость,собственность,2,1,нет,2631,15,3,нет,ремонт,1
692,29.0,1,2,1.0,никогда не состоял(а),1,1,1,0,1,2,автомобиль,собственность,2,1,нет,2896,24,2,нет,радио/телевидение,1
693,44.0,1,1,1.0,никогда не состоял(а),2,3,1,0,-1,0,недвижимость,собственность,0,2,нет,4716,6,1,нет,автомобиль (новый),1
694,28.0,1,2,,никогда не состоял(а),1,2,1,1,0,1,автомобиль,собственность,2,1,нет,2284,24,4,нет,,1
695,50.0,1,2,2.0,никогда не состоял(а),1,4,1,0,0,3,страхование жизни/сберегательный договор,аренда,2,1,нет,1236,6,2,нет,автомобиль (б/у),1
696,29.0,1,2,3.0,никогда не состоял(а),1,3,0,0,1,1,недвижимость,собственность,2,2,нет,1103,12,4,поручитель,радио/телевидение,1
697,38.0,0,0,0.0,замужем/живет раздельно/разведена,1,2,1,0,0,1,страхование жизни/сберегательный договор,собственность,0,1,нет,926,12,1,нет,автомобиль (новый),1
698,24.0,1,2,2.0,никогда не состоял(а),1,2,1,0,0,1,автомобиль,собственность,0,2,нет,1800,18,4,нет,радио/телевидение,1
699,40.0,1,3,4.0,никогда не состоял(а),1,4,1,1,2,1,автомобиль,аренда,2,1,нет,1905,15,4,нет,образование,1
700,29.0,0,1,2.0,замужем/живет раздельно/разведена,1,4,1,0,0,3,автомобиль,аренда,2,1,нет,1123,12,4,нет,мебель/оборудование,0
701,46.0,1,2,4.0,никогда не состоял(а),1,4,1,1,-1,1,неизвестно/нет собственности,бесплатно,0,2,нет,6331,48,4,нет,,0
702,47.0,0,2,4.0,замужем/живет раздельно/разведена,1,2,1,1,2,2,неизвестно/нет собственности,бесплатно,2,1,нет,1377,24,4,нет,радио/телевидение,1
703,41.0,1,2,4.0,никогда не состоял(а),1,2,1,0,1,2,страхование жизни/сберегательный договор,собственность,1,2,магазин,2503,30,4,нет,бизнес,1
704,32.0,0,2,1.0,замужем/живет раздельно/разведена,2,1,1,1,1,1,страхование жизни/сберегательный договор,собственность,2,1,нет,2528,27,4,нет,бизнес,1
705,35.0,0,2,,замужем/живет раздельно/разведена,1,4,1,0,0,3,неизвестно/нет собственности,бесплатно,2,1,нет,5324,15,1,нет,автомобиль (новый),1
706,24.0,1,2,3.0,никогда не состоял(а),1,2,1,0,1,2,страхование жизни/сберегательный договор,собственность,2,1,нет,6560,48,3,нет,автомобиль (новый),0
707,25.0,0,2,1.0,замужем/живет раздельно/разведена,1,3,1,0,1,1,страхование жизни/сберегательный договор,аренда,4,2,нет,2969,12,4,нет,мебель/оборудование,0
708,25.0,0,2,4.0,замужем/живет раздельно/разведена,1,4,1,0,1,1,недвижимость,собственность,2,1,нет,1206,9,4,нет,радио/телевидение,1
709,37.0,1,1,2.0,никогда не состоял(а),2,2,1,0,1,1,недвижимость,собственность,2,1,нет,2118,9,2,нет,радио/телевидение,1
710,,1,3,4.0,никогда не состоял(а),1,3,1,1,0,3,страхование жизни/сберегательный договор,собственность,0,2,банк,629,18,4,нет,,1
711,35.0,0,2,4.0,замужем/живет раздельно/разведена,1,4,1,0,-1,1,неизвестно/нет собственности,бесплатно,3,1,нет,1198,6,4,нет,,0
712,46.0,1,3,4.0,никогда не состоял(а),1,4,1,1,0,0,недвижимость,собственность,2,1,нет,2476,21,4,нет,автомобиль (б/у),1
713,25.0,1,1,2.0,никогда не состоял(а),1,4,1,0,-1,1,недвижимость,собственность,0,2,нет,1138,9,4,нет,радио/телевидение,1
714,,1,3,3.0,никогда не состоял(а),1,2,1,1,1,1,неизвестно/нет собственности,собственность,2,1,нет,14027,60,4,нет,автомобиль (новый),0
715,63.0,1,2,4.0,никогда не состоял(а),1,4,1,0,0,0,автомобиль,собственность,0,2,нет,7596,30,1,нет,автомобиль (б/у),1
716,40.0,1,2,4.0,никогда не состоял(а),2,2,1,1,0,0,автомобиль,собственность,0,2,нет,3077,30,3,нет,радио/телевидение,1
717,32.0,1,3,2.0,никогда не состоял(а),1,2,1,1,0,1,неизвестно/нет собственности,бесплатно,2,1,нет,1505,18,4,нет,радио/телевидение,1
718,31.0,1,2,2.0,никогда не состоял(а),1,2,1,1,2,0,автомобиль,собственность,0,2,нет,3148,24,3,нет,радио/телевидение,1
719,31.0,1,2,4.0,женат/овдовел,1,4,1,1,1,2,автомобиль,собственность,4,2,банк,6148,20,3,нет,автомобиль (б/у),1
720,34.0,1,3,1.0,никогда не состоял(а),1,2,1,1,2,1,автомобиль,собственность,4,2,нет,1337,9,4,нет,радио/телевидение,0
721,24.0,0,2,1.0,замужем/живет раздельно/разведена,2,2,1,0,1,4,страхование жизни/сберегательный договор,аренда,3,1,банк,433,6,4,нет,,0
722,24.0,0,1,2.0,замужем/живет раздельно/разведена,1,2,1,0,-1,1,недвижимость,собственность,2,1,нет,1228,12,4,нет,автомобиль (новый),0
723,66.0,0,1,2.0,замужем/живет раздельно/разведена,1,3,1,0,1,3,недвижимость,собственность,2,1,нет,790,9,4,нет,радио/телевидение,1
724,21.0,0,2,2.0,замужем/живет раздельно/разведена,1,3,1,0,0,1,недвижимость,аренда,2,1,нет,2570,27,3,нет,автомобиль (новый),0
725,41.0,0,1,2.0,замужем/живет раздельно/разведена,1,2,1,0,0,4,недвижимость,собственность,0,2,банк,250,6,2,нет,автомобиль (новый),1
726,,1,1,2.0,женат/овдовел,1,2,1,0,0,3,страхование жизни/сберегательный договор,собственность,0,2,нет,1316,15,2,нет,радио/телевидение,1
727,25.0,0,2,2.0,замужем/живет раздельно/разведена,1,4,1,0,-1,1,автомобиль,аренда,2,2,банк,1882,18,4,нет,радио/телевидение,0
728,59.0,0,2,4.0,замужем/живет раздельно/разведена,1,3,1,0,1,1,неизвестно/нет собственности,аренда,3,1,нет,6416,48,4,нет,бизнес,0
729,36.0,1,2,2.0,живет раздельно/разведен,1,4,1,1,2,4,недвижимость,собственность,0,2,нет,1275,24,2,,бизнес,1
730,33.0,1,2,1.0,никогда не состоял(а),1,2,1,0,1,1,автомобиль,собственность,1,1,нет,6403,24,1,нет,радио/телевидение,1
731,21.0,1,1,2.0,никогда не состоял(а),2,4,1,0,-1,1,недвижимость,аренда,2,1,нет,1987,24,2,нет,радио/телевидение,0
732,44.0,0,1,3.0,замужем/живет раздельно/разведена,1,2,1,0,1,1,недвижимость,собственность,2,1,нет,760,8,4,поручитель,радио/телевидение,1
733,28.0,0,2,2.0,замужем/живет раздельно/разведена,1,4,1,1,0,4,автомобиль,аренда,2,1,нет,2603,24,2,нет,автомобиль (б/у),1
734,37.0,0,2,3.0,замужем/живет раздельно/разведена,2,1,1,0,0,1,недвижимость,собственность,0,1,нет,3380,4,1,нет,автомобиль (новый),1
735,29.0,0,0,1.0,замужем/живет раздельно/разведена,1,2,1,0,1,0,неизвестно/нет собственности,собственность,3,1,банк,3990,36,3,нет,бытовая техника,1
736,23.0,0,3,,замужем/живет раздельно/разведена,1,4,1,0,1,1,автомобиль,аренда,2,2,нет,11560,24,1,нет,автомобиль (б/у),0
737,35.0,1,1,2.0,никогда не состоял(а),2,4,1,1,-1,2,автомобиль,собственность,2,1,нет,4380,18,3,нет,автомобиль (новый),1
738,,1,3,3.0,никогда не состоял(а),2,3,1,1,0,1,неизвестно/нет собственности,собственность,0,2,нет,6761,6,1,нет,автомобиль (новый),1
739,26.0,0,1,2.0,замужем/живет раздельно/разведена,1,4,1,0,1,2,автомобиль,аренда,4,2,нет,4280,30,4,нет,бизнес,0
740,32.0,1,2,3.0,никогда не состоял(а),1,3,1,0,-1,2,автомобиль,собственность,3,1,банк,2325,24,2,нет,автомобиль (новый),1
741,23.0,1,1,,никогда не состоял(а),1,4,1,0,1,1,недвижимость,собственность,3,1,магазин,1048,10,4,нет,радио/телевидение,1
742,41.0,1,2,4.0,никогда не состоял(а),1,3,1,1,0,0,страхование жизни/сберегательный договор,собственность,2,1,нет,3160,21,4,нет,радио/телевидение,1
743,22.0,1,2,2.0,никогда не состоял(а),1,4,1,1,-1,3,недвижимость,собственность,3,1,магазин,2483,24,4,нет,мебель/оборудование,1
744,30.0,1,3,3.0,никогда не состоял(а),1,4,1,1,-1,0,страхование жизни/сберегательный договор,собственность,0,2,нет,14179,39,4,нет,мебель/оборудование,1
745,28.0,1,1,1.0,никогда не состоял(а),1,1,1,0,-1,1,страхование жизни/сберегательный договор,собственность,0,2,банк,1797,13,3,нет,бизнес,1
746,23.0,0,2,0.0,замужем/живет раздельно/разведена,1,4,1,0,-1,1,автомобиль,аренда,2,1,нет,2511,15,1,нет,автомобиль (новый),1
747,37.0,0,1,1.0,замужем/живет раздельно/разведена,1,1,1,0,-1,1,недвижимость,собственность,2,1,нет,1274,12,3,нет,автомобиль (новый),0
748,26.0,1,2,2.0,никогда не состоял(а),1,3,1,0,0,0,автомобиль,собственность,2,1,нет,5248,21,1,нет,автомобиль (б/у),1
749,33.0,1,2,3.0,никогда не состоял(а),1,2,1,0,0,1,автомобиль,собственность,2,1,нет,3029,15,2,,автомобиль (б/у),1
750,49.0,0,2,4.0,замужем/живет раздельно/разведена,1,1,1,1,-1,1,страхование жизни/сберегательный договор,собственность,2,1,банк,428,6,2,нет,мебель/оборудование,1
751,23.0,0,1,1.0,замужем/живет раздельно/разведена,1,2,1,0,-1,1,автомобиль,собственность,2,1,нет,976,18,1,нет,автомобиль (новый),0
752,23.0,0,1,3.0,замужем/живет раздельно/разведена,1,4,1,0,1,2,недвижимость,аренда,2,1,нет,841,12,2,,бизнес,1
753,25.0,0,2,3.0,замужем/живет раздельно/разведена,1,2,1,0,0,1,автомобиль,собственность,0,2,нет,5771,30,4,нет,радио/телевидение,1
754,55.0,1,2,4.0,никогда не состоял(а),2,4,1,0,0,4,неизвестно/нет собственности,бесплатно,1,2,нет,1555,12,4,нет,ремонт,0
755,32.0,0,2,3.0,замужем/живет раздельно/разведена,1,4,1,0,-1,0,неизвестно/нет собственности,аренда,2,1,нет,1285,24,4,,автомобиль (новый),0
756,74.0,1,0,2.0,никогда не состоял(а),2,1,0,0,2,1,недвижимость,собственность,0,3,нет,1299,6,1,нет,автомобиль (новый),1
757,39.0,1,2,2.0,никогда не состоял(а),1,4,1,1,2,0,неизвестно/нет собственности,бесплатно,0,2,нет,1271,15,3,нет,радио/телевидение,0
758,31.0,1,2,2.0,никогда не состоял(а),1,2,1,1,0,1,недвижимость,собственность,2,1,нет,1393,24,2,поручитель,автомобиль (новый),1
759,35.0,1,2,4.0,никогда не состоял(а),1,3,1,0,-1,1,страхование жизни/сберегательный договор,собственность,0,2,нет,691,12,4,нет,автомобиль (новый),0
760,59.0,0,2,4.0,замужем/живет раздельно/разведена,1,4,1,1,0,0,автомобиль,собственность,0,1,нет,5045,15,1,нет,автомобиль (новый),1
761,24.0,0,2,2.0,замужем/живет раздельно/разведена,1,4,1,0,-1,1,недвижимость,аренда,0,2,нет,2124,18,4,нет,мебель/оборудование,0
762,24.0,1,1,,никогда не состоял(а),1,3,1,0,-1,1,страхование жизни/сберегательный договор,собственность,2,1,нет,2214,12,4,нет,радио/телевидение,1
763,30.0,1,3,4.0,никогда не состоял(а),1,4,1,1,0,0,неизвестно/нет собственности,бесплатно,0,1,нет,12680,21,4,нет,автомобиль (новый),0
764,27.0,1,2,3.0,женат/овдовел,1,3,1,1,0,2,страхование жизни/сберегательный договор,собственность,0,2,нет,2463,24,4,нет,автомобиль (новый),1
765,40.0,1,1,4.0,женат/овдовел,1,3,1,0,1,1,недвижимость,собственность,2,2,банк,1155,12,3,поручитель,радио/телевидение,1
766,31.0,1,1,1.0,живет раздельно/разведен,1,4,1,0,-1,1,страхование жизни/сберегательный договор,собственность,2,1,нет,3108,30,2,нет,мебель/оборудование,0
767,31.0,0,2,1.0,замужем/живет раздельно/разведена,1,4,1,0,0,0,недвижимость,аренда,2,1,нет,2901,10,1,нет,автомобиль (б/у),1
768,28.0,1,2,4.0,никогда не состоял(а),1,4,1,1,1,1,автомобиль,аренда,0,3,нет,3617,12,1,нет,мебель/оборудование,1
769,63.0,1,1,4.0,никогда не состоял(а),1,4,1,1,0,1,недвижимость,собственность,0,2,нет,1655,12,2,нет,радио/телевидение,1
770,26.0,0,2,4.0,замужем/живет раздельно/разведена,1,4,1,0,-1,0,недвижимость,аренда,2,1,нет,2812,24,2,нет,автомобиль (б/у),1
771,25.0,0,3,2.0,замужем/живет раздельно/разведена,1,2,1,1,-1,1,неизвестно/нет собственности,собственность,0,2,нет,8065,36,3,нет,образование,0
772,36.0,1,3,4.0,никогда не состоял(а),1,4,1,1,0,1,автомобиль,собственность,0,1,нет,3275,21,1,нет,автомобиль (б/у),1
773,52.0,1,2,4.0,никогда не состоял(а),1,4,1,0,0,2,страхование жизни/сберегательный договор,собственность,0,2,банк,2223,24,4,нет,радио/телевидение,1
774,66.0,1,0,0.0,никогда не состоял(а),1,4,1,0,2,3,неизвестно/нет собственности,бесплатно,0,3,банк,1480,12,2,,автомобиль (новый),1
775,25.0,0,2,2.0,замужем/живет раздельно/разведена,1,4,1,0,-1,0,недвижимость,аренда,2,1,нет,1371,24,4,нет,автомобиль (новый),0
776,37.0,1,2,3.0,никогда не состоял(а),1,4,1,1,0,1,автомобиль,собственность,0,2,нет,3535,36,4,нет,автомобиль (новый),1
777,25.0,0,2,,замужем/живет раздельно/разведена,1,1,1,0,-1,1,недвижимость,собственность,2,1,нет,3509,18,4,поручитель,радио/телевидение,1
778,38.0,1,3,,никогда не состоял(а),1,2,1,1,0,4,автомобиль,собственность,0,2,нет,5711,36,4,нет,автомобиль (б/у),1
779,67.0,0,2,0.0,замужем/живет раздельно/разведена,1,4,1,1,1,1,автомобиль,собственность,2,1,нет,3872,18,2,нет,,1
780,25.0,1,2,3.0,никогда не состоял(а),1,2,1,0,1,1,недвижимость,собственность,0,2,нет,4933,39,2,поручитель,радио/телевидение,0
781,60.0,1,2,4.0,никогда не состоял(а),1,4,1,1,0,4,недвижимость,собственность,0,1,нет,1940,24,4,нет,автомобиль (новый),1
782,31.0,1,1,2.0,никогда не состоял(а),1,2,1,1,1,1,недвижимость,собственность,4,1,нет,1410,12,2,нет,переподготовка,1
783,,0,1,1.0,замужем/живет раздельно/разведена,1,2,1,0,1,2,страхование жизни/сберегательный договор,собственность,2,1,банк,836,12,4,нет,автомобиль (новый),0
784,60.0,1,3,0.0,живет раздельно/разведен,1,4,1,1,1,0,недвижимость,собственность,2,1,нет,6468,20,1,нет,автомобиль (б/у),1
785,35.0,1,1,2.0,никогда не состоял(а),1,2,1,1,1,4,страхование жизни/сберегательный договор,собственность,2,1,нет,1941,18,4,нет,бизнес,1
786,40.0,1,2,4.0,никогда не состоял(а),1,4,1,0,0,3,автомобиль,собственность,2,1,нет,2675,22,3,нет,радио/телевидение,1
787,38.0,1,2,4.0,никогда не состоял(а),2,3,1,1,0,0,автомобиль,собственность,0,2,нет,2751,48,4,нет,автомобиль (б/у),1
788,50.0,1,2,4.0,никогда не состоял(а),1,4,1,0,1,1,неизвестно/нет собственности,бесплатно,1,1,нет,6224,48,4,нет,образование,0
789,27.0,1,2,2.0,никогда не состоял(а),1,3,1,1,-1,1,неизвестно/нет собственности,собственность,0,1,банк,5998,40,4,нет,образование,0
790,39.0,0,2,4.0,замужем/живет раздельно/разведена,2,4,1,0,1,1,страхование жизни/сберегательный договор,собственность,2,1,нет,1188,21,2,нет,бизнес,0
791,,1,3,4.0,никогда не состоял(а),2,4,1,1,0,0,автомобиль,собственность,2,1,нет,6313,24,3,нет,автомобиль (б/у),1
792,27.0,1,2,2.0,женат/овдовел,1,2,1,0,0,0,страхование жизни/сберегательный договор,собственность,0,2,нет,1221,6,1,нет,мебель/оборудование,1
793,51.0,1,2,4.0,живет раздельно/разведен,1,4,1,0,2,1,неизвестно/нет собственности,бесплатно,2,1,нет,2892,24,3,нет,мебель/оборудование,1
794,32.0,1,2,4.0,никогда не состоял(а),1,3,1,1,0,3,неизвестно/нет собственности,аренда,2,1,нет,3062,24,4,нет,мебель/оборудование,1
795,22.0,0,2,1.0,замужем/живет раздельно/разведена,1,4,1,0,0,2,страхование жизни/сберегательный договор,аренда,2,1,нет,2301,9,2,нет,мебель/оборудование,1
796,51.0,1,2,4.0,никогда не состоял(а),2,4,1,1,-1,0,страхование жизни/сберегательный договор,бесплатно,2,1,нет,7511,18,1,нет,автомобиль (б/у),0
797,,0,1,1.0,замужем/живет раздельно/разведена,1,4,1,0,0,1,страхование жизни/сберегательный договор,аренда,0,2,нет,1258,12,2,нет,мебель/оборудование,1
798,54.0,1,2,4.0,женат/овдовел,1,4,1,1,0,0,автомобиль,собственность,1,2,нет,717,24,4,нет,автомобиль (новый),1
799,35.0,1,0,1.0,никогда не состоял(а),1,2,1,0,1,0,недвижимость,собственность,2,1,нет,1549,9,4,нет,автомобиль (новый),1
800,54.0,1,2,4.0,никогда не состоял(а),2,4,1,0,0,1,неизвестно/нет собственности,бесплатно,0,2,нет,1597,24,4,,образование,1
801,48.0,0,1,4.0,замужем/живет раздельно/разведена,1,4,1,1,1,1,недвижимость,аренда,0,2,банк,1795,18,3,поручитель,радио/телевидение,1
802,24.0,0,2,4.0,замужем/живет раздельно/разведена,1,4,1,0,-1,1,страхование жизни/сберегательный договор,собственность,0,2,нет,4272,20,1,нет,мебель/оборудование,1
803,35.0,1,2,4.0,никогда не состоял(а),1,4,1,0,0,0,автомобиль,собственность,0,2,нет,976,12,4,нет,радио/телевидение,1
804,24.0,0,0,0.0,замужем/живет раздельно/разведена,1,2,1,0,1,0,недвижимость,аренда,2,1,нет,7472,12,1,нет,автомобиль (новый),1
805,24.0,1,2,3.0,никогда не состоял(а),1,1,1,1,-1,1,автомобиль,собственность,2,1,нет,9271,36,2,нет,автомобиль (новый),0
806,26.0,1,1,1.0,женат/овдовел,1,3,0,0,1,1,недвижимость,собственность,2,1,нет,590,6,3,нет,радио/телевидение,1
807,65.0,1,2,4.0,никогда не состоял(а),1,4,1,0,0,0,недвижимость,собственность,0,4,нет,930,12,4,нет,радио/телевидение,1
808,55.0,1,3,0.0,никогда не состоял(а),1,2,1,1,1,1,неизвестно/нет собственности,бесплатно,3,1,банк,9283,42,1,нет,автомобиль (б/у),1
809,26.0,0,0,1.0,замужем/живет раздельно/разведена,1,1,1,0,1,1,недвижимость,аренда,4,2,нет,1778,15,2,нет,автомобиль (новый),0
810,26.0,1,2,1.0,женат/овдовел,1,2,1,1,1,1,недвижимость,собственность,2,1,нет,907,8,3,нет,бизнес,1
811,28.0,1,1,3.0,женат/овдовел,1,3,1,0,1,1,недвижимость,собственность,2,1,банк,484,6,3,поручитель,радио/телевидение,1
812,24.0,1,2,3.0,никогда не состоял(а),1,4,1,1,-1,1,автомобиль,собственность,0,2,нет,9629,36,4,нет,автомобиль (б/у),0
813,54.0,1,2,2.0,никогда не состоял(а),1,4,1,0,-1,1,автомобиль,собственность,2,1,нет,3051,48,3,нет,бытовая техника,0
814,,1,2,3.0,никогда не состоял(а),2,4,1,0,-1,1,неизвестно/нет собственности,бесплатно,2,1,нет,3931,48,4,нет,автомобиль (новый),0
815,54.0,0,2,2.0,замужем/живет раздельно/разведена,1,2,1,0,1,1,страхование жизни/сберегательный договор,аренда,1,1,нет,7432,36,2,нет,автомобиль (новый),1
816,62.0,1,2,2.0,живет раздельно/разведен,1,4,1,0,0,3,недвижимость,собственность,2,1,нет,1338,6,1,нет,бытовая техника,1
817,24.0,0,2,3.0,замужем/живет раздельно/разведена,1,2,1,1,0,1,автомобиль,аренда,0,2,нет,1554,6,1,нет,радио/телевидение,1
818,,1,3,0.0,живет раздельно/разведен,1,3,1,0,-1,1,автомобиль,собственность,2,1,нет,15857,36,2,созаемщик,другое,1
819,26.0,1,2,2.0,женат/овдовел,1,3,1,0,-1,1,недвижимость,собственность,2,1,банк,1345,18,4,нет,радио/телевидение,0
820,27.0,1,2,,женат/овдовел,1,2,1,1,0,1,недвижимость,собственность,2,2,нет,1101,12,3,нет,автомобиль (новый),1
821,24.0,1,2,2.0,женат/овдовел,1,1,1,0,2,1,автомобиль,собственность,2,1,нет,3016,12,3,нет,радио/телевидение,1
822,41.0,1,2,4.0,никогда не состоял(а),2,2,1,0,-1,1,страхование жизни/сберегательный договор,собственность,2,1,банк,2712,36,2,нет,мебель/оборудование,0
823,47.0,1,1,4.0,никогда не состоял(а),1,4,1,0,-1,1,недвижимость,собственность,0,2,нет,731,8,4,нет,автомобиль (новый),1
824,35.0,1,3,1.0,живет раздельно/разведен,1,2,1,1,0,1,автомобиль,собственность,0,2,нет,3780,18,3,нет,,1
825,30.0,1,2,4.0,женат/овдовел,1,3,1,1,-1,1,автомобиль,собственность,0,2,нет,1602,21,4,нет,автомобиль (новый),1
826,33.0,0,2,4.0,замужем/живет раздельно/разведена,1,4,1,1,-1,1,недвижимость,аренда,0,3,банк,3966,18,1,нет,автомобиль (новый),0
827,36.0,1,2,2.0,никогда не состоял(а),2,2,1,0,0,1,автомобиль,собственность,4,2,магазин,4165,18,2,нет,бизнес,0
828,47.0,1,2,4.0,никогда не состоял(а),1,4,1,0,-1,0,неизвестно/нет собственности,бесплатно,2,1,нет,8335,36,3,нет,автомобиль (б/у),0
829,,1,2,2.0,никогда не состоял(а),2,4,1,1,1,0,неизвестно/нет собственности,бесплатно,1,1,нет,6681,48,4,нет,бизнес,1
830,44.0,1,2,2.0,никогда не состоял(а),2,2,1,1,0,3,автомобиль,собственность,1,2,нет,2375,24,4,нет,бизнес,1
831,23.0,0,2,1.0,замужем/живет раздельно/разведена,1,3,1,1,-1,1,автомобиль,аренда,2,1,нет,1216,18,4,нет,автомобиль (новый),0
832,29.0,1,2,4.0,никогда не состоял(а),1,4,1,0,-1,1,автомобиль,аренда,4,2,нет,11816,45,2,нет,бизнес,0
833,42.0,0,2,4.0,замужем/живет раздельно/разведена,1,4,1,1,1,0,автомобиль,собственность,2,1,нет,5084,24,2,нет,радио/телевидение,1
834,25.0,0,1,,замужем/живет раздельно/разведена,1,3,1,0,2,1,недвижимость,собственность,2,1,нет,2327,15,2,нет,радио/телевидение,0
835,48.0,1,2,2.0,никогда не состоял(а),1,4,1,0,-1,1,автомобиль,собственность,4,2,банк,1082,12,4,нет,автомобиль (новый),0
836,21.0,0,2,2.0,замужем/живет раздельно/разведена,1,2,1,0,0,0,автомобиль,собственность,2,1,нет,886,12,4,нет,радио/телевидение,1
837,23.0,0,1,1.0,замужем/живет раздельно/разведена,2,3,1,0,0,1,недвижимость,аренда,2,1,нет,601,4,1,нет,мебель/оборудование,1
838,63.0,1,2,4.0,никогда не состоял(а),1,4,1,1,-1,1,страхование жизни/сберегательный договор,собственность,0,2,нет,2957,24,4,нет,автомобиль (б/у),1
839,46.0,1,2,4.0,женат/овдовел,1,3,1,0,0,1,недвижимость,собственность,0,2,нет,2611,24,4,созаемщик,радио/телевидение,1
840,,1,2,3.0,никогда не состоял(а),1,2,1,0,-1,1,страхование жизни/сберегательный договор,собственность,2,1,нет,5179,36,4,нет,мебель/оборудование,0
841,28.0,1,1,2.0,никогда не состоял(а),1,2,1,0,0,1,недвижимость,собственность,1,2,магазин,2993,21,3,нет,автомобиль (б/у),1
842,23.0,0,2,1.0,замужем/живет раздельно/разведена,1,4,1,0,0,1,недвижимость,собственность,2,1,нет,1943,18,4,нет,ремонт,0
843,50.0,1,2,3.0,никогда не состоял(а),1,4,1,1,0,1,автомобиль,собственность,3,1,банк,1559,24,4,нет,бизнес,1
844,47.0,1,2,4.0,никогда не состоял(а),2,4,1,1,0,1,страхование жизни/сберегательный договор,собственность,2,3,банк,3422,18,4,нет,мебель/оборудование,1
845,35.0,1,2,3.0,никогда не состоял(а),1,3,1,1,1,0,автомобиль,собственность,2,1,нет,3976,21,2,нет,,1
846,68.0,1,2,2.0,никогда не состоял(а),1,4,1,0,0,0,автомобиль,аренда,2,2,нет,6761,18,2,нет,автомобиль (новый),0
847,28.0,1,2,1.0,женат/овдовел,1,2,1,0,0,1,недвижимость,собственность,2,1,нет,1249,24,4,нет,автомобиль (новый),1
848,59.0,1,2,3.0,никогда не состоял(а),1,4,1,0,-1,1,недвижимость,собственность,2,1,нет,1364,9,3,нет,радио/телевидение,1
849,57.0,1,1,4.0,никогда не состоял(а),1,4,1,0,-1,1,недвижимость,собственность,2,1,магазин,709,12,4,нет,,0
850,33.0,1,2,2.0,женат/овдовел,1,2,0,0,-1,1,страхование жизни/сберегательный договор,аренда,0,2,банк,2235,20,4,поручитель,автомобиль (новый),0
851,43.0,1,2,3.0,никогда не состоял(а),1,4,1,1,0,0,страхование жизни/сберегательный договор,собственность,0,2,нет,4042,24,3,нет,автомобиль (б/у),1
852,35.0,1,2,,никогда не состоял(а),1,4,1,1,0,1,неизвестно/нет собственности,бесплатно,0,2,нет,1471,15,4,нет,радио/телевидение,1
853,32.0,1,1,3.0,никогда не состоял(а),2,4,1,0,-1,1,неизвестно/нет собственности,бесплатно,3,2,нет,1442,18,4,нет,автомобиль (новый),0
854,45.0,1,2,4.0,никогда не состоял(а),2,2,1,1,0,1,автомобиль,собственность,1,2,нет,10875,36,2,нет,автомобиль (новый),1
855,33.0,1,2,1.0,женат/овдовел,1,3,1,1,0,2,недвижимость,собственность,2,1,нет,1474,24,4,нет,автомобиль (новый),1
856,40.0,0,2,3.0,замужем/живет раздельно/разведена,1,3,1,1,0,0,страхование жизни/сберегательный договор,собственность,2,1,нет,894,10,4,нет,переподготовка,1
857,28.0,1,2,2.0,никогда не состоял(а),1,2,1,1,0,1,неизвестно/нет собственности,бесплатно,0,1,нет,3343,15,4,нет,мебель/оборудование,1
858,29.0,0,2,2.0,замужем/живет раздельно/разведена,1,2,1,1,-1,1,страхование жизни/сберегательный договор,собственность,2,1,нет,3959,15,3,нет,автомобиль (новый),0
859,26.0,1,2,2.0,никогда не состоял(а),2,2,0,0,0,2,недвижимость,аренда,2,1,нет,3577,9,1,поручитель,автомобиль (новый),1
860,27.0,1,2,2.0,никогда не состоял(а),1,2,1,0,0,4,недвижимость,собственность,0,2,нет,5804,24,4,нет,автомобиль (б/у),1
861,28.0,1,2,,женат/овдовел,1,2,1,1,0,1,автомобиль,собственность,1,1,нет,2169,18,4,нет,бизнес,0
862,35.0,0,2,1.0,замужем/живет раздельно/разведена,1,4,1,1,-1,1,недвижимость,собственность,2,1,нет,2439,24,4,нет,радио/телевидение,0
863,32.0,1,1,1.0,никогда не состоял(а),2,2,1,1,0,4,недвижимость,собственность,0,2,магазин,4526,27,4,нет,мебель/оборудование,1
864,25.0,1,1,2.0,никогда не состоял(а),1,2,1,0,0,1,недвижимость,аренда,2,1,банк,2210,10,2,нет,мебель/оборудование,0
865,20.0,0,2,2.0,замужем/живет раздельно/разведена,1,4,1,0,0,3,автомобиль,аренда,2,1,нет,2221,15,2,,мебель/оборудование,1
866,27.0,0,2,1.0,замужем/живет раздельно/разведена,1,1,1,0,-1,1,автомобиль,собственность,2,1,магазин,2389,18,4,нет,радио/телевидение,1
867,42.0,1,2,4.0,никогда не состоял(а),1,4,1,0,0,1,страхование жизни/сберегательный договор,собственность,0,1,магазин,3331,12,2,нет,,1
868,37.0,1,2,4.0,никогда не состоял(а),1,2,1,0,0,0,страхование жизни/сберегательный договор,собственность,2,2,нет,7409,36,3,нет,бизнес,1
869,24.0,0,2,4.0,замужем/живет раздельно/разведена,1,4,1,0,-1,1,страхование жизни/сберегательный договор,аренда,2,1,нет,652,12,4,нет,мебель/оборудование,1
870,40.0,0,2,3.0,замужем/живет раздельно/разведена,1,4,1,1,0,3,автомобиль,собственность,1,2,нет,7678,36,2,нет,мебель/оборудование,1
871,,1,2,4.0,никогда не состоял(а),2,4,0,0,2,1,недвижимость,собственность,0,2,нет,1343,6,1,нет,автомобиль (новый),1
872,26.0,1,2,3.0,никогда не состоял(а),1,1,1,1,-1,2,недвижимость,собственность,0,2,нет,1382,24,4,нет,бизнес,1
873,24.0,0,2,,замужем/живет раздельно/разведена,1,1,1,0,0,0,недвижимость,собственность,2,1,нет,874,15,4,нет,бытовая техника,1
874,29.0,1,1,2.0,никогда не состоял(а),2,2,1,0,-1,1,страхование жизни/сберегательный договор,собственность,2,1,нет,3590,12,2,созаемщик,мебель/оборудование,1
875,40.0,0,2,2.0,замужем/живет раздельно/разведена,1,4,1,0,1,4,автомобиль,собственность,0,2,нет,1322,11,4,нет,автомобиль (новый),1
876,36.0,1,3,1.0,никогда не состоял(а),1,4,1,1,-1,1,неизвестно/нет собственности,бесплатно,3,1,банк,1940,18,3,созаемщик,радио/телевидение,1
877,28.0,1,2,4.0,никогда не состоял(а),1,2,1,0,0,1,автомобиль,собственность,2,1,нет,3595,36,4,нет,радио/телевидение,1
878,27.0,1,3,1.0,никогда не состоял(а),1,2,1,1,-1,1,неизвестно/нет собственности,бесплатно,2,1,нет,1422,9,3,нет,автомобиль (новый),0
879,36.0,1,2,3.0,никогда не состоял(а),1,3,1,0,0,0,страхование жизни/сберегательный договор,собственность,0,2,нет,6742,30,2,нет,радио/телевидение,1
880,38.0,1,3,3.0,никогда не состоял(а),1,3,1,1,0,1,автомобиль,собственность,2,1,нет,7814,24,3,нет,автомобиль (б/у),1
881,48.0,1,2,2.0,живет раздельно/разведен,1,4,1,1,0,0,неизвестно/нет собственности,бесплатно,2,1,нет,9277,24,2,нет,автомобиль (б/у),1
882,36.0,1,2,4.0,никогда не состоял(а),1,4,1,0,1,0,недвижимость,собственность,0,2,нет,2181,30,4,нет,автомобиль (новый),1
883,65.0,0,0,0.0,замужем/живет раздельно/разведена,1,4,1,0,0,1,автомобиль,собственность,0,2,нет,1098,18,4,нет,радио/телевидение,1
884,43.0,1,2,3.0,живет раздельно/разведен,1,3,1,1,1,1,автомобиль,собственность,2,1,нет,4057,24,3,нет,мебель/оборудование,0
885,53.0,0,2,1.0,замужем/живет раздельно/разведена,1,4,1,0,-1,1,страхование жизни/сберегательный договор,собственность,2,1,нет,795,12,4,нет,образование,0
886,34.0,1,2,,никогда не состоял(а),2,3,1,1,1,0,неизвестно/нет собственности,собственность,0,2,нет,2825,24,4,нет,бизнес,1
887,23.0,1,2,2.0,никогда не состоял(а),1,2,1,1,1,1,автомобиль,собственность,2,1,нет,15672,48,2,нет,бизнес,0
888,34.0,1,3,4.0,никогда не состоял(а),1,4,1,1,0,1,автомобиль,собственность,0,2,нет,6614,36,4,нет,автомобиль (новый),1
889,40.0,1,2,,никогда не состоял(а),2,4,1,1,0,0,недвижимость,аренда,3,2,банк,7824,28,3,поручитель,автомобиль (б/у),1
890,43.0,1,3,4.0,никогда не состоял(а),2,4,1,1,-1,1,автомобиль,собственность,0,4,магазин,2442,27,4,нет,бизнес,1
891,46.0,1,2,4.0,никогда не состоял(а),1,4,1,1,0,1,автомобиль,собственность,0,2,нет,1829,15,4,,радио/телевидение,1
892,38.0,1,1,2.0,никогда не состоял(а),1,4,0,0,-1,1,страхование жизни/сберегательный договор,собственность,0,2,банк,2171,12,4,нет,автомобиль (новый),1
893,34.0,1,2,2.0,никогда не состоял(а),1,4,1,1,1,1,автомобиль,собственность,0,2,нет,5800,36,3,нет,автомобиль (б/у),1
894,29.0,1,2,2.0,никогда не состоял(а),1,3,1,1,0,0,страхование жизни/сберегательный договор,собственность,0,2,нет,1169,18,4,нет,радио/телевидение,1
895,31.0,1,3,3.0,никогда не состоял(а),2,2,1,1,0,0,автомобиль,собственность,1,1,магазин,8947,36,3,нет,автомобиль (б/у),1
896,28.0,0,3,1.0,замужем/живет раздельно/разведена,1,4,1,1,-1,1,страхование жизни/сберегательный договор,аренда,2,1,нет,2606,21,4,нет,радио/телевидение,1
897,35.0,0,2,3.0,замужем/живет раздельно/разведена,1,2,0,0,0,4,страхование жизни/сберегательный договор,собственность,0,1,нет,1592,12,3,нет,мебель/оборудование,1
898,33.0,0,1,3.0,замужем/живет раздельно/разведена,1,4,1,0,0,0,недвижимость,аренда,2,1,банк,2186,15,1,нет,мебель/оборудование,1
899,42.0,1,2,2.0,никогда не состоял(а),1,3,1,0,-1,1,автомобиль,собственность,2,1,нет,4153,18,2,созаемщик,мебель/оборудование,0
900,43.0,1,2,4.0,никогда не состоял(а),1,4,1,1,-1,1,страхование жизни/сберегательный договор,аренда,0,1,банк,2625,16,2,поручитель,автомобиль (новый),0
901,44.0,1,2,,живет раздельно/разведен,1,4,1,1,0,0,недвижимость,собственность,0,2,нет,3485,20,2,нет,автомобиль (новый),1
902,42.0,1,2,4.0,никогда не состоял(а),1,4,1,0,0,0,неизвестно/нет собственности,бесплатно,0,2,нет,10477,36,2,нет,автомобиль (б/у),1
903,40.0,1,2,2.0,женат/овдовел,1,2,1,1,0,0,недвижимость,аренда,2,1,нет,1386,15,4,нет,радио/телевидение,1
904,36.0,1,3,4.0,никогда не состоял(а),1,1,1,1,0,1,недвижимость,собственность,2,1,нет,1278,24,4,нет,радио/телевидение,1
905,20.0,1,3,2.0,никогда не состоял(а),2,2,1,1,-1,1,недвижимость,аренда,2,1,нет,1107,12,2,нет,радио/телевидение,1
906,24.0,1,1,3.0,никогда не состоял(а),1,2,0,0,-1,0,недвижимость,собственность,2,1,нет,3763,21,2,созаемщик,автомобиль (новый),1
907,27.0,1,2,2.0,женат/овдовел,1,2,1,0,1,0,автомобиль,собственность,2,1,нет,3711,36,2,нет,образование,1
908,46.0,0,1,1.0,замужем/живет раздельно/разведена,1,2,1,0,0,1,страхование жизни/сберегательный договор,собственность,1,2,нет,3594,15,1,нет,автомобиль (б/у),1
909,33.0,0,1,2.0,замужем/живет раздельно/разведена,1,2,1,0,1,0,недвижимость,собственность,2,1,нет,3195,9,1,нет,автомобиль (новый),1
910,34.0,0,2,2.0,замужем/живет раздельно/разведена,1,4,1,0,0,1,недвижимость,собственность,1,2,нет,4454,36,4,нет,,1
911,25.0,0,1,1.0,замужем/живет раздельно/разведена,1,4,1,0,1,1,автомобиль,собственность,0,1,банк,4736,24,2,нет,мебель/оборудование,0
912,25.0,0,2,4.0,замужем/живет раздельно/разведена,1,4,1,0,1,0,автомобиль,собственность,2,1,нет,2991,30,2,нет,радио/телевидение,1
913,28.0,1,2,4.0,живет раздельно/разведен,1,2,1,1,0,4,недвижимость,собственность,2,1,нет,2142,11,1,нет,бизнес,1
914,31.0,1,2,,никогда не состоял(а),1,2,1,1,-1,1,страхование жизни/сберегательный договор,аренда,3,1,нет,3161,24,4,нет,бизнес,0
915,32.0,0,3,2.0,замужем/живет раздельно/разведена,1,2,0,1,1,1,страхование жизни/сберегательный договор,собственность,4,1,банк,18424,48,1,нет,другое,0
916,32.0,1,2,2.0,никогда не состоял(а),2,2,1,0,0,2,недвижимость,собственность,2,1,нет,2848,10,1,созаемщик,автомобиль (б/у),1
917,68.0,1,3,4.0,никогда не состоял(а),1,4,1,1,-1,1,неизвестно/нет собственности,собственность,2,1,банк,14896,6,1,нет,автомобиль (новый),0
918,33.0,1,2,0.0,живет раздельно/разведен,1,1,1,0,-1,2,страхование жизни/сберегательный договор,собственность,2,1,нет,2359,24,1,нет,мебель/оборудование,0
919,,1,3,4.0,никогда не состоял(а),1,2,1,1,-1,1,страхование жизни/сберегательный договор,аренда,2,1,нет,3345,24,4,нет,мебель/оборудование,0
920,28.0,0,2,2.0,замужем/живет раздельно/разведена,1,2,1,0,0,1,неизвестно/нет собственности,собственность,0,2,нет,1817,18,4,нет,мебель/оборудование,1
921,37.0,1,3,3.0,никогда не состоял(а),1,1,1,1,0,3,автомобиль,собственность,1,1,нет,12749,48,4,нет,радио/телевидение,1
922,,0,2,1.0,замужем/живет раздельно/разведена,1,4,1,0,-1,1,страхование жизни/сберегательный договор,аренда,2,1,нет,1366,9,3,нет,,0
923,30.0,1,2,3.0,никогда не состоял(а),2,4,1,1,1,1,страхование жизни/сберегательный договор,аренда,2,1,нет,2002,12,3,нет,автомобиль (новый),1
924,55.0,1,2,1.0,живет раздельно/разведен,1,1,1,1,-1,1,страхование жизни/сберегательный договор,собственность,3,1,банк,6872,24,2,нет,мебель/оборудование,0
925,46.0,1,2,1.0,никогда не состоял(а),1,2,1,1,-1,1,автомобиль,собственность,3,2,банк,697,12,4,нет,автомобиль (новый),0
926,21.0,0,2,1.0,замужем/живет раздельно/разведена,1,4,1,0,-1,1,страхование жизни/сберегательный договор,аренда,0,1,нет,1049,18,4,нет,мебель/оборудование,1
927,39.0,1,2,3.0,никогда не состоял(а),2,4,1,1,-1,1,неизвестно/нет собственности,бесплатно,2,3,магазин,10297,48,4,нет,автомобиль (б/у),0
928,58.0,1,2,4.0,никогда не состоял(а),1,4,1,1,0,0,автомобиль,собственность,2,1,нет,1867,30,4,нет,радио/телевидение,1
929,43.0,1,1,2.0,никогда не состоял(а),2,2,1,0,-1,1,недвижимость,собственность,1,2,нет,1344,12,4,нет,автомобиль (новый),1
930,24.0,1,1,1.0,никогда не состоял(а),1,1,0,0,-1,1,страхование жизни/сберегательный договор,собственность,2,1,нет,1747,24,4,созаемщик,мебель/оборудование,1
931,22.0,0,2,1.0,замужем/живет раздельно/разведена,1,2,1,1,1,1,автомобиль,собственность,2,1,нет,1670,9,4,нет,радио/телевидение,0
932,30.0,1,2,2.0,никогда не состоял(а),1,1,1,0,0,1,недвижимость,собственность,0,2,нет,1224,9,3,нет,автомобиль (новый),1
933,42.0,1,2,4.0,никогда не состоял(а),2,4,1,1,0,3,страхование жизни/сберегательный договор,собственность,0,2,нет,522,12,4,нет,радио/телевидение,1
934,23.0,0,2,2.0,замужем/живет раздельно/разведена,1,1,1,0,-1,1,автомобиль,собственность,2,1,банк,1498,12,4,нет,радио/телевидение,1
935,30.0,1,3,1.0,никогда не состоял(а),1,3,1,0,1,2,неизвестно/нет собственности,собственность,1,2,магазин,1919,30,4,нет,радио/телевидение,0
936,28.0,0,1,2.0,замужем/живет раздельно/разведена,1,2,1,0,2,1,недвижимость,собственность,2,1,нет,745,9,3,нет,радио/телевидение,0
937,30.0,1,3,1.0,женат/овдовел,1,3,1,1,1,1,автомобиль,аренда,2,1,нет,2063,6,4,нет,радио/телевидение,1
938,42.0,1,2,2.0,никогда не состоял(а),1,4,1,0,1,1,неизвестно/нет собственности,бесплатно,2,1,нет,6288,60,4,нет,образование,0
939,46.0,1,3,2.0,никогда не состоял(а),2,4,1,1,0,0,страхование жизни/сберегательный договор,собственность,0,2,нет,6842,24,2,нет,,1
940,45.0,1,3,1.0,никогда не состоял(а),2,3,1,1,0,0,страхование жизни/сберегательный договор,собственность,2,1,нет,3527,12,2,нет,автомобиль (новый),1
941,31.0,1,1,2.0,никогда не состоял(а),2,2,0,0,0,1,недвижимость,собственность,2,1,нет,1546,10,3,нет,автомобиль (новый),1
942,,1,2,3.0,никогда не состоял(а),1,2,1,1,0,0,автомобиль,собственность,2,1,магазин,929,24,4,нет,мебель/оборудование,1
943,42.0,1,1,3.0,никогда не состоял(а),2,1,1,0,0,1,недвижимость,собственность,0,3,нет,1455,4,2,нет,автомобиль (новый),1
944,,0,2,1.0,замужем/живет раздельно/разведена,1,1,1,0,-1,1,страхование жизни/сберегательный договор,аренда,2,1,нет,1845,15,4,поручитель,мебель/оборудование,1
945,30.0,0,2,1.0,замужем/живет раздельно/разведена,1,1,1,0,1,3,автомобиль,собственность,4,2,нет,8358,48,1,нет,автомобиль (новый),1
946,30.0,1,2,1.0,никогда не состоял(а),2,4,1,1,-1,3,неизвестно/нет собственности,бесплатно,3,1,нет,3349,24,4,нет,мебель/оборудование,0
947,38.0,1,3,0.0,никогда не состоял(а),1,4,1,1,0,0,неизвестно/нет собственности,собственность,2,1,нет,2859,12,4,нет,автомобиль (новый),1
948,43.0,1,1,1.0,женат/овдовел,2,1,1,0,0,1,страхование жизни/сберегательный договор,собственность,2,1,нет,1533,18,4,созаемщик,мебель/оборудование,0
949,31.0,1,2,,никогда не состоял(а),1,4,1,0,0,2,автомобиль,собственность,2,2,нет,3621,24,2,нет,радио/телевидение,0
950,40.0,1,0,,женат/овдовел,2,3,1,1,1,1,автомобиль,собственность,0,3,нет,3590,18,3,нет,бизнес,1
951,24.0,1,2,3.0,никогда не состоял(а),1,1,1,1,-1,1,автомобиль,собственность,1,2,нет,2145,36,2,нет,бизнес,0
952,28.0,0,2,1.0,замужем/живет раздельно/разведена,1,4,1,0,1,3,автомобиль,аренда,2,1,нет,4113,24,3,нет,автомобиль (б/у),0
953,26.0,0,3,,замужем/живет раздельно/разведена,1,2,1,1,0,1,автомобиль,собственность,2,2,нет,10974,36,4,нет,мебель/оборудование,0
954,29.0,0,2,2.0,замужем/живет раздельно/разведена,1,4,1,1,-1,1,страхование жизни/сберегательный договор,собственность,2,1,нет,1893,12,4,поручитель,автомобиль (новый),1
955,57.0,0,3,4.0,замужем/живет раздельно/разведена,1,4,1,1,-1,4,страхование жизни/сберегательный договор,аренда,0,2,нет,1231,24,4,нет,радио/телевидение,1
956,49.0,1,1,4.0,никогда не состоял(а),1,4,1,0,2,0,страхование жизни/сберегательный договор,собственность,0,2,магазин,3656,30,4,нет,радио/телевидение,1
957,37.0,1,1,4.0,никогда не состоял(а),1,4,1,0,1,1,недвижимость,собственность,0,3,нет,1154,9,2,нет,радио/телевидение,1
958,45.0,1,1,2.0,никогда не состоял(а),1,2,1,0,-1,1,автомобиль,собственность,2,1,нет,4006,28,3,нет,автомобиль (новый),0
959,30.0,1,2,,никогда не состоял(а),1,4,1,0,1,2,неизвестно/нет собственности,бесплатно,2,1,нет,3069,24,4,нет,мебель/оборудование,1
960,30.0,1,2,4.0,женат/овдовел,1,2,1,0,0,1,недвижимость,аренда,0,2,нет,1740,6,2,нет,радио/телевидение,1
961,47.0,1,2,2.0,живет раздельно/разведен,1,4,1,0,1,1,страхование жизни/сберегательный договор,собственность,1,2,нет,2353,21,1,нет,автомобиль (новый),1
962,29.0,1,2,2.0,никогда не состоял(а),1,2,1,0,0,0,неизвестно/нет собственности,собственность,2,1,нет,3556,15,3,нет,автомобиль (новый),1
963,35.0,1,2,4.0,никогда не состоял(а),1,2,1,1,0,3,автомобиль,собственность,2,2,банк,2397,24,3,нет,радио/телевидение,0
964,22.0,1,1,1.0,женат/овдовел,1,1,1,0,1,1,страхование жизни/сберегательный договор,собственность,2,1,нет,454,6,3,нет,ремонт,1
965,26.0,0,2,2.0,замужем/живет раздельно/разведена,1,1,1,0,1,0,автомобиль,собственность,2,1,нет,1715,30,4,нет,радио/телевидение,1
966,23.0,1,1,2.0,никогда не состоял(а),1,2,1,0,1,3,страхование жизни/сберегательный договор,собственность,0,2,нет,2520,27,4,нет,радио/телевидение,0
967,54.0,0,3,4.0,замужем/живет раздельно/разведена,1,2,1,1,0,1,автомобиль,аренда,2,1,банк,3568,15,4,нет,радио/телевидение,1
968,29.0,1,2,3.0,женат/овдовел,1,4,1,1,0,0,страхование жизни/сберегательный договор,аренда,2,1,нет,7166,42,2,нет,радио/телевидение,1
969,40.0,1,1,,никогда не состоял(а),2,2,1,0,-1,1,недвижимость,собственность,0,2,нет,3939,11,1,нет,автомобиль (новый),1
970,22.0,1,2,2.0,никогда не состоял(а),1,2,1,0,1,2,недвижимость,собственность,2,1,нет,1514,15,4,поручитель,ремонт,1
971,43.0,1,1,2.0,никогда не состоял(а),2,4,1,0,0,1,страхование жизни/сберегательный договор,собственность,2,1,нет,7393,24,1,нет,автомобиль (новый),1
972,29.0,0,0,0.0,замужем/живет раздельно/разведена,1,4,1,0,-1,1,неизвестно/нет собственности,аренда,3,2,нет,1193,24,1,созаемщик,автомобиль (новый),0
973,36.0,1,2,4.0,никогда не состоял(а),1,4,1,0,-1,1,неизвестно/нет собственности,аренда,2,1,нет,7297,60,4,созаемщик,бизнес,0
974,33.0,0,2,2.0,замужем/живет раздельно/разведена,1,2,1,1,0,1,автомобиль,собственность,0,1,нет,2831,30,4,нет,радио/телевидение,1
975,57.0,0,1,2.0,замужем/живет раздельно/разведена,1,3,1,0,2,3,автомобиль,собственность,2,1,нет,1258,24,3,нет,радио/телевидение,1
976,64.0,0,2,2.0,замужем/живет раздельно/разведена,1,3,1,0,1,1,недвижимость,собственность,2,1,нет,753,6,2,поручитель,радио/телевидение,1
977,42.0,1,2,4.0,никогда не состоял(а),1,2,1,0,1,0,страхование жизни/сберегательный договор,собственность,1,2,нет,2427,18,4,нет,бизнес,1
978,47.0,1,1,4.0,никогда не состоял(а),2,4,1,0,0,1,автомобиль,собственность,1,2,нет,2538,24,4,нет,автомобиль (новый),0
979,25.0,1,2,2.0,женат/овдовел,1,2,1,0,1,2,страхование жизни/сберегательный договор,аренда,3,1,нет,1264,15,2,нет,автомобиль (новый),0
980,49.0,1,2,3.0,никогда не состоял(а),1,2,1,0,1,1,страхование жизни/сберегательный договор,собственность,0,1,нет,8386,30,2,нет,мебель/оборудование,0
981,33.0,1,3,0.0,никогда не состоял(а),1,2,1,1,0,1,автомобиль,аренда,2,1,банк,4844,48,3,нет,бизнес,0
982,28.0,0,3,2.0,замужем/живет раздельно/разведена,1,1,1,1,2,2,автомобиль,собственность,2,1,банк,2923,21,1,нет,автомобиль (новый),1
983,26.0,1,2,2.0,никогда не состоял(а),2,2,1,0,-1,1,страхование жизни/сберегательный договор,собственность,2,1,нет,8229,36,2,нет,автомобиль (б/у),0
984,30.0,1,1,3.0,никогда не состоял(а),1,2,1,0,0,1,страхование жизни/сберегательный договор,собственность,0,2,нет,2028,24,2,нет,мебель/оборудование,1
985,25.0,0,2,2.0,замужем/живет раздельно/разведена,1,3,1,0,-1,1,страхование жизни/сберегательный договор,аренда,0,2,нет,1433,15,4,нет,мебель/оборудование,1
986,33.0,1,2,1.0,живет раздельно/разведен,1,1,1,0,2,1,страхование жизни/сберегательный договор,собственность,4,2,нет,6289,42,2,нет,бизнес,1
987,64.0,0,2,0.0,замужем/живет раздельно/разведена,1,4,1,0,0,2,недвижимость,собственность,2,1,нет,1409,13,2,нет,радио/телевидение,1
988,29.0,1,3,0.0,никогда не состоял(а),1,2,1,1,-1,1,неизвестно/нет собственности,бесплатно,2,1,нет,6579,24,4,нет,автомобиль (б/у),1
989,48.0,1,1,4.0,никогда не состоял(а),1,2,1,0,1,1,страхование жизни/сберегательный договор,собственность,0,2,нет,1743,24,4,нет,радио/телевидение,1
990,,1,1,1.0,никогда не состоял(а),2,1,1,0,0,0,страхование жизни/сберегательный договор,собственность,0,2,нет,3565,12,2,нет,образование,1
991,34.0,1,1,4.0,никогда не состоял(а),2,4,1,0,0,2,автомобиль,собственность,3,1,банк,1569,15,4,нет,радио/телевидение,1
992,23.0,1,1,3.0,женат/овдовел,1,4,1,0,-1,0,автомобиль,аренда,2,2,нет,1936,18,2,нет,радио/телевидение,1
993,30.0,1,3,0.0,никогда не состоял(а),1,3,1,1,-1,1,страхование жизни/сберегательный договор,собственность,2,1,нет,3959,36,4,нет,мебель/оборудование,1
994,50.0,1,2,4.0,никогда не состоял(а),1,3,1,1,0,0,автомобиль,собственность,2,1,нет,2390,12,4,нет,автомобиль (новый),1
995,31.0,0,1,3.0,замужем/живет раздельно/разведена,1,4,1,0,0,1,недвижимость,собственность,2,1,нет,1736,12,3,нет,мебель/оборудование,1
996,40.0,1,3,2.0,живет раздельно/разведен,1,4,1,1,-1,1,страхование жизни/сберегательный договор,собственность,2,1,нет,3857,30,4,нет,автомобиль (б/у),1
997,,1,2,4.0,никогда не состоял(а),1,4,1,0,0,1,автомобиль,собственность,2,1,нет,804,12,4,нет,радио/телевидение,1
998,23.0,1,2,2.0,никогда не состоял(а),1,4,1,1,-1,1,неизвестно/нет собственности,бесплатно,2,1,нет,1845,45,4,нет,радио/телевидение,0
999,,1,2,0.0,никогда не состоял(а),1,4,1,0,1,2,автомобиль,собственность,0,1,нет,4576,45,3,нет,автомобиль (б/у),1
